x,y,velocidad,pedal,giro,step,reward_instantaneo,reward_acumulado,jerk_volante
0.19760809129152662,9.832410604666245,315.3603373776646,1.0,0.59281003,0,9.85668672012323,9.85668672012323,0.59281003
0.5587210104468339,18.60245520343974,315.9891357421875,1.0,0.2750432,1,9.8095051643976,19.666191884520828,0.31776685
0.9980668527306544,27.38585081567608,316.5975646972656,1.0,-0.13486817,2,4.854419614331339,24.520611498852166,0.40991136
1.4869811366903343,36.183006068913826,317.1863098144531,1.0,-0.084598705,3,9.590510258892886,34.11112175774505,0.05026947
2.0210545628605616,44.993388549386125,317.7559814453125,1.0,-0.07666302,4,9.582898124612525,43.69401988235758,0.007935688
2.59026838297149,53.81691374270742,318.30718994140625,1.0,-0.059100345,5,9.556971573858013,53.250991456215594,0.017562672
3.193630628094436,62.653019611695065,318.8405456542969,1.0,-0.057213753,6,4.588355135797025,57.83934659201262,0.0018865913
3.8208957925909686,71.5018324766525,319.35662841796875,1.0,-0.03943064,7,9.525324465885252,67.36467105789787,0.017783113
4.4815582685532585,80.36212505525418,319.85601806640625,1.0,-0.055637702,8,9.441578698745499,76.80624975664337,0.016207062
5.152518145810711,89.23510482440577,320.3392333984375,1.0,-0.015928365,9,9.414784040927213,86.22103379757058,0.039709337
5.870781976584146,98.11741176054004,320.80682373046875,1.0,-0.0791968,10,4.396192404207108,90.6172262017777,0.06326844
6.565937846836078,107.01416273016535,321.2592468261719,1.0,0.041156232,11,9.419154684521505,100.0363808862992,0.120353036
7.362146271605201,115.91464981828058,321.6970520019531,1.0,-0.1705225,12,9.399827544295306,109.4362084305945,0.21167873
8.263240330814515,124.81695868429088,322.1206970214844,1.0,-0.17671923,13,9.389854886659922,118.82606331725442,0.0061967373
9.586685682664223,133.67785469627853,322.5306396484375,1.0,-0.71781975,14,9.382165072675962,128.20822838993038,0.5411005
10.822613219729554,142.56250576147113,322.92730712890625,1.0,0.152034,15,4.441490275707947,132.64971866563832,0.86985373
12.045723631148947,151.45969327577424,323.3111572265625,1.0,0.024302065,16,9.45942631575234,142.10914498139067,0.12773193
13.243447860708727,160.3707441534781,323.6825866699219,1.0,0.045482963,17,9.493521830684683,151.60266681207534,0.021180898
14.425547604780384,169.29395282021835,324.0420227050781,1.0,0.028726742,18,9.509907630206776,161.11257444228212,0.016756222
15.58508957118305,178.2298632640054,324.38983154296875,1.0,0.04029444,19,9.429617873055783,170.5421923153379,0.011567697
16.72849494003236,187.17727832492486,324.7264099121094,1.0,0.029270574,20,4.49504538776969,175.0372377031076,0.011023864
17.854185933355055,196.13605814914763,325.0521240234375,1.0,0.03178379,21,9.521770965554941,184.55900866866253,0.002513215
18.965218533363274,205.10548978608367,325.3673095703125,1.0,0.02649638,22,9.514867280900253,194.0738759495628,0.005287409
20.060841334866353,214.08535082780853,325.6722717285156,1.0,0.027631685,23,9.457445216868589,203.53132116643138,0.0011353046
21.1432574080505,223.07507168296746,325.9674377441406,1.0,0.023813277,24,9.477526514999978,213.00884768143135,0.0038184077
22.21203272375825,232.0744131417694,326.2530212402344,1.0,0.024429873,25,4.45354028468796,217.4623879661193,0.00061659515
23.269012484899374,241.0828771938134,326.5293884277344,1.0,0.021237642,26,9.461278913851535,226.92366687997085,0.003192231
24.31389534575432,250.1002305978474,326.79681396484375,1.0,0.021645308,27,9.469125978217109,236.39279285818796,0.00040766597
25.345943514408688,259.1262982768191,327.0556335449219,1.0,0.022783026,28,9.444620968540518,245.83741382672846,0.0011377186
26.365289918400837,268.1608097177016,327.3060607910156,1.0,0.022469819,29,9.408863447833136,255.2462772745616,0.0003132075
27.372846876168293,277.2034169086006,327.54840087890625,1.0,0.020865008,30,9.339467453797024,264.58574472835863,0.0016048104
28.36882466792427,286.25386079611616,327.7829284667969,1.0,0.02043502,31,4.385935098640599,268.9716798269992,0.0004299879
29.353856589031942,295.3118433145375,328.0098571777344,1.0,0.019307315,32,9.330140247444778,278.301820074444,0.001127705
30.33048253065097,304.37687146348674,328.2294616699219,1.0,0.015026078,33,9.350631894364335,287.6524519688083,0.0042812377
31.300113460142327,313.4485875979937,328.4419860839844,1.0,0.012629032,34,9.340173103080575,296.9926250718889,0.0023970455
32.261896870778905,322.52688379377827,328.64764404296875,1.0,0.013984516,35,9.329857862862434,306.3224829347513,0.0013554841
33.21816945476339,331.6113214661624,328.8466796875,1.0,0.010068774,36,4.28393439346541,310.6064173282167,0.003915742
34.16513763732088,340.7021117616694,329.03924560546875,1.0,0.016284555,37,9.266913861993908,319.8733311902106,0.006215781
35.111208146779276,349.7981995790659,329.2255859375,1.0,0.0023650974,38,9.22365390034139,329.096985090552,0.013919458
36.0392180137841,358.9011828347322,329.4059143066406,1.0,0.030614614,39,9.21006131077657,338.30704640132853,0.028249517
36.989579971769146,368.0067332091776,329.5804138183594,1.0,-0.035994515,40,9.191880130569023,347.49892653189755,0.06660913
37.872275927039674,377.123805209482,329.7492980957031,1.0,0.11210324,41,9.18242168111545,356.681348213013,0.14809775
38.83994726154266,386.23681585876676,329.9127502441406,1.0,-0.13896443,42,4.18101297011469,360.8623611831277,0.25106767
39.66815294937773,395.36796910311546,330.0708923339844,1.0,0.22978412,43,9.16400489718528,370.026366080313,0.36874855
40.58010493045367,404.4954105298644,330.2239074707031,1.0,-0.13675757,44,9.191952738949094,379.2183188192621,0.36654168
41.47634489514923,413.62854269875703,330.3720397949219,1.0,0.026438817,45,9.180532397714526,388.3988512169766,0.16319638
42.40297911660553,422.76264247148646,330.5153503417969,1.0,-0.049181342,46,9.167714389808285,397.5665656067849,0.07562016
43.22917843730911,431.9102424273368,330.654052734375,1.0,0.16509219,47,9.156500234798449,406.7230658415833,0.21427353
44.127508920958604,441.05478685992205,330.78826904296875,1.0,-0.11747213,48,4.106098934813971,410.8291647763973,0.2825643
44.99172016931118,450.20624272743015,330.91815185546875,1.0,0.056380972,49,9.131737565059206,419.9609023414565,0.1738531
45.92001283070088,459.3549294025191,331.0438232421875,1.0,-0.104229435,50,9.14914963124852,429.11005197270504,0.16061041
46.68792691710177,468.5218622768625,331.16546630859375,1.0,0.2624821,51,9.13975576618799,438.249807738893,0.36671156
47.522065102640546,477.68628966044395,331.2831726074219,1.0,-0.10760237,52,9.129627806961752,447.3794355458548,0.37008446
48.416543694488965,486.84820320076284,331.3970642089844,1.0,-0.0979913,53,9.115901228921638,456.49533677477643,0.00961107
49.22326734680466,496.02133412951576,331.5072937011719,1.0,0.14358605,54,9.094619114854655,465.5899558896311,0.24157736
50.08600565556986,505.19234228687947,331.61395263671875,1.0,-0.09086089,55,4.107892439721401,469.6978483293525,0.23444694
50.99805986902985,514.3614584538193,331.7171630859375,1.0,-0.079935506,56,9.07152399706809,478.7693723264206,0.010925382
51.72704627099545,523.5497255510907,331.8170471191406,1.0,0.29846597,57,9.08385436244984,487.8532266888704,0.37840146
52.50666873656108,532.7365299776858,331.9137268066406,1.0,-0.08199914,58,9.089868277440981,496.9430949663114,0.3804651
53.333084926550555,541.9218519806647,332.00726318359375,1.0,-0.07574089,59,9.07695041703883,506.0200453833502,0.0062582493
54.20185967409579,551.1057908127318,332.0978088378906,1.0,-0.06852083,60,9.02989712089418,515.0499425042443,0.0072200596
55.04090495741231,560.2949373376085,332.1854248046875,1.0,0.048705354,61,4.033015748749967,519.0829582529943,0.11722618
55.91694915429602,569.4829960427431,332.27020263671875,1.0,-0.059782207,62,9.028810674968348,528.1117689279627,0.10848756
56.692405528347436,578.6823770746324,332.35223388671875,1.0,0.16371301,63,9.045633402386569,537.1574023303492,0.22349522
57.50429641899534,587.880828513182,332.431640625,1.0,-0.058832213,64,9.036196923850982,546.1935992542002,0.22254522
58.34997248122018,597.0783780824706,332.5084533691406,1.0,-0.054528028,65,9.01450818129725,555.2081074354975,0.0043041855
59.22606614071702,606.2751545163879,332.5827941894531,1.0,-0.049059406,66,8.996249550572804,564.2043569860703,0.005468622
59.96218631090266,615.4861968738454,332.6547546386719,1.0,0.22728084,67,8.992957534605772,573.1973145206761,0.27634025
60.731187320375234,624.6964927662857,332.724365234375,1.0,-0.053025335,68,4.01727331011778,577.2145878307938,0.28030616
61.53208272337631,633.9059480150751,332.7917175292969,1.0,-0.051423892,69,9.003253366892974,586.2178411976868,0.0016014427
62.36290817951236,643.1145703125796,332.85693359375,1.0,-0.048239022,70,8.987518546770211,595.2053597444569,0.00318487
63.204752183970704,652.3239513665932,332.9200134277344,1.0,-0.017595887,71,8.970699760290891,604.1760595047479,0.030643135
64.0374445501942,661.5358675874451,332.9810791015625,1.0,0.015072569,72,8.982493608561992,613.1585531133098,0.032668456
64.84161548170444,670.7519648480736,333.0401611328125,1.0,0.046413198,73,8.990571970945796,622.1491250842556,0.03134063
65.60125233009913,679.973432796257,333.0973205566406,1.0,0.07227717,74,4.0015601698424685,626.1506852540981,0.025863975
66.29900233714876,689.2013311211317,333.15264892578125,1.0,0.100261465,75,9.00175873025812,635.1524439843562,0.027984291
66.91959820709334,698.4362302111917,333.2062072753906,1.0,0.12482181,76,8.997595913970327,644.1500398983266,0.024560347
67.44838465330491,707.6782826360318,333.2580261230469,1.0,0.14834644,77,9.024785491894752,653.1748253902213,0.023524627
67.85950676170738,716.927710468658,333.30816650390625,1.0,0.18988721,78,9.0393168182576,662.2141422084788,0.04154077
68.0990768664669,726.1845189403135,333.356689453125,1.0,0.27651417,79,9.043622184094225,671.2577643925731,0.08662696
68.4005337273349,735.4408240250261,333.4036560058594,1.0,-0.09962255,80,9.07365739817821,680.3314217907513,0.37613672
68.77005770601734,744.6959258153915,333.4491271972656,1.0,-0.109567806,81,4.090262376325003,684.4216841670763,0.0099452585
69.19743756306538,753.9497584557062,333.4930725097656,1.0,-0.09311536,82,9.12505979658075,693.546743963657,0.016452447
69.67418067781541,763.2023634489295,333.53564453125,1.0,-0.07943205,83,9.13968185908754,702.6864258227446,0.013683312
70.17049469818656,772.4550853450056,333.57684326171875,1.0,-0.0314323,84,9.162202796780036,711.8486286195246,0.047999747
70.6922715534069,781.7075142981596,333.6166687011719,1.0,-0.040921174,85,9.170854473052138,721.0194830925767,0.009488873
71.21452802531569,790.9609885540008,333.65521240234375,1.0,-0.0006754175,86,9.176993185652648,730.1964762782294,0.040245757
71.77391201204591,800.2133312772582,333.6925354003906,1.0,-0.059703764,87,9.17706882434631,739.3735451025757,0.059028346
72.25628844935811,809.471012490358,333.7286376953125,1.0,0.124090895,88,4.246267047919385,743.619812150495,0.18379466
73.01597770637045,818.6429492143012,331.3204040527344,0.33059672,-0.45734507,89,9.464874846734583,753.0846869972296,0.581436
73.6028880847874,827.8306976289258,331.43310546875,1.0,0.281811,90,10.796035126683803,763.8807221239134,0.73915607
74.04004141914213,837.0102671451876,330.8390197753906,0.8086676,0.24255694,91,11.459464775165307,775.3401868990787,0.039254054
74.71482957020051,845.383452972308,302.4119567871094,-1.0,-0.51176417,92,11.211392274156832,786.5515791732356,0.7543211
75.2589015491738,853.0780419470761,277.6968078613281,-0.9958389,0.15823,93,5.363692074104224,791.9152712473399,0.6699942
75.74904174811655,860.1659719238592,255.77484130859375,-1.0,0.02559533,94,10.349204160657136,802.264475407997,0.13263467
76.21516212568102,866.7106534583987,236.20533752441406,-1.0,-0.034663133,95,4.975379606303679,807.2398550143007,0.060258463
76.68549065884254,872.7638675350917,218.572509765625,-1.0,-0.10975042,96,4.801885687033914,812.0417407013346,0.07508729
77.16683779062393,878.3697048121343,202.552734375,-1.0,-0.13907379,97,4.43896826231681,816.4807089636514,0.02932337
77.67725754039081,883.5638526918657,187.88999938964844,-1.0,-0.21095966,98,4.203381633761891,820.6840905974133,0.07188587
78.20931435801474,888.3784002780415,174.3788604736328,-1.0,-0.20668587,99,3.6649972995343783,824.3490878969477,0.004273787
78.7622487900345,892.8401665078566,161.85231018066406,-1.0,-0.22353221,100,3.9440287304208343,828.2931166273686,0.016846344
79.34098028628398,896.9712980455429,150.17298889160156,-1.0,-0.2640649,101,4.558600541757237,832.8517171691258,0.040532693
79.94810852274766,900.790754258533,139.22671508789062,-1.0,-0.30024683,102,4.36333165724504,837.2150488263708,0.036181927
80.58942147883123,904.313908057196,128.9176788330078,-1.0,-0.35505033,103,-1.2052989204656956,836.0097499059051,0.05480349
81.24651571472928,907.558162867397,119.16468811035156,-1.0,-0.30321035,104,3.771707203329947,839.781457109235,0.051839978
81.92198852346733,910.535228280399,109.89840698242188,-1.0,-0.3432479,105,3.681832120902024,843.4632892301371,0.040037543
82.64466758643265,913.2478079408108,101.05908203125,-1.0,-0.524957,106,-1.7701594524449786,841.6931297776921,0.18170911
83.38556222368067,915.7108684903965,92.59485626220703,-1.0,-0.42586833,107,3.4102653252434245,845.1033951029356,0.09908867
84.1723745355658,917.9211192365392,84.46034240722656,-1.0,-0.62751555,108,-2.0039700784780536,843.0994250244576,0.20164722
84.99508581706942,919.8838781202662,76.61554718017578,-1.0,-0.64662313,109,3.0965290980087876,846.1959541224663,0.01910758
85.89601743015518,921.5763874687335,69.0249252319336,-1.0,-1.0,110,-2.2746538794117668,843.9213002430546,0.35337687
86.84899395699384,922.9994572675968,61.656681060791016,-1.0,-1.0,111,-2.7046974704980995,841.2166027725565,0.0
87.84846777752901,924.1870429760427,55.87900161743164,-0.80044687,-1.0,112,2.307742287530673,843.5243450600872,0.0
88.87187282374406,925.1434283925714,50.42610549926758,-0.7697856,-1.0,113,-2.9341120332425907,840.5902330268445,0.0
89.9602783392716,925.9369793365005,48.491207122802734,-0.2652996,-1.0,114,2.049653425404148,842.6398864522487,0.0
91.1046317510983,926.5794002282025,47.24441909790039,-0.16560575,-1.0,115,-2.951671010062265,839.6882154421864,0.0
92.41307397523526,927.1219300278848,50.99256896972656,0.73102075,-1.0,116,2.339659843694367,842.0278752858808,0.0
93.86472218697273,927.540925630308,54.39265060424805,0.6675378,-1.0,117,-2.417369560879851,839.610505725001,0.0
95.75098922920078,927.9014800490382,69.13502502441406,0.66492194,-1.0,118,-1.6563004707113558,837.9542052542896,0.0
98.14040793865863,928.1667494974216,86.54754638671875,1.0,-1.0,119,4.525678138627032,842.4798833929167,0.0
100.91488913904189,928.4296495151045,100.32872772216797,1.0,-0.22594933,120,5.3471189815647335,847.8270023744815,0.77405065
103.64260956118734,928.7977251323326,99.08792114257812,-0.10743687,0.55244786,121,0.3428509296193526,848.1698533041008,0.7783972
106.32994654173018,929.2454034838952,98.07734680175781,-0.08026955,0.42868346,122,5.3567907818997496,853.5266440860006,0.123764396
108.87242270682164,929.8437853052015,94.02994537353516,-0.46176168,0.8907443,123,0.22069005129267896,853.7473341372933,0.46206087
111.30279111148378,930.5377212933665,90.9898681640625,-0.34438524,0.6213859,124,5.347644357108267,859.0949784944015,0.26935846
113.56732683663853,931.3776712591522,86.95053100585938,-0.47974113,0.9872588,125,0.1817778533677807,859.2767563477693,0.36587292
115.65137298839568,932.345417886787,82.7199935913086,-0.51542974,0.9852669,126,4.956372278202767,864.2331286259721,0.001991868
117.54918508382396,933.4279998316041,78.65546417236328,-0.5047231,1.0,127,-0.21865930504999187,864.0144693209221,0.014733076
119.24662987649275,934.6032902973143,74.32606506347656,-0.5508967,1.0,128,4.303148121591143,868.3176174425132,0.0
120.73814097795902,935.8515139613146,70.01669311523438,-0.5595218,1.0,129,-0.8354902415711443,867.482127200942,0.0
122.03225084704869,937.162824578363,66.32462310791016,-0.48458174,1.0,130,3.88535316795624,871.3674803688983,0.0
123.11847631614296,938.509603623658,62.2883186340332,-0.54113615,1.0,131,-1.2457355022877734,870.1217448666106,0.0
124.008391441533,939.8856612080189,58.99480056762695,-0.4443684,1.0,132,-1.4148345848205306,868.7069102817901,0.0
124.83965889226835,941.4921864773017,65.1185073852539,0.30455238,1.0,133,3.9958026948642695,872.7027129766544,0.0
125.48678345284061,943.1199058241641,63.059017181396484,-0.26446655,1.0,134,-1.0112792666121373,871.6914337100422,0.0
126.04268056490223,944.9986076977231,70.53191375732422,0.39620325,1.0,135,4.464432713669087,876.1558664237114,0.0
126.47886026645766,947.1141700048847,77.76213836669922,0.43095255,1.0,136,-0.12109144966664351,876.0347749740447,0.0
126.79197443961205,949.5740684011511,89.27085876464844,0.7504654,1.0,137,5.5511137993387205,881.5858887733834,0.0
126.9229873567548,952.1245966133146,91.94007110595703,0.21818927,1.0,138,0.7639784849452329,882.3498672583287,0.0
126.86832636232948,954.9740606848405,102.59957885742188,0.82900155,1.0,139,6.3660218366048476,888.7158890949336,0.0
126.6029411915292,958.010599069054,109.7320785522461,0.6336113,1.0,140,1.347737034257873,890.0636261291914,0.0
126.09898241975964,961.2909939461364,119.47968292236328,0.9176134,1.0,141,6.405186414348446,896.4688125435399,0.0
125.33138743705996,964.7958325939242,129.1647491455078,1.0,1.0,142,6.381456548324125,902.850269091864,0.0
124.54436373110632,968.5477417334974,138.0083770751953,1.0,-0.14339994,143,6.305242151701638,909.1555112435657,1.1434
123.6145178357203,972.5001752357376,146.1721649169922,1.0,0.40088695,144,1.336941507994158,910.4924527515599,0.5442869
122.61787641178535,976.6536301225592,153.76881408691406,1.0,0.0743026,145,6.322599617206628,916.8150523687665,0.32658434
121.53994826055028,980.990595341969,160.88092041015625,1.0,0.13676031,146,6.337561952893095,923.1526143216596,0.06245771
120.36735113758438,985.4952360935202,167.5712890625,1.0,0.18765403,147,6.331586821531805,929.4842011431914,0.050893724
119.09079235454837,990.1537486602986,173.88909912109375,1.0,0.21847256,148,6.338227490964875,935.8224286341563,0.030818522
117.70749952369216,994.9549423037367,179.87380981445312,1.0,0.22344173,149,6.327684070118876,942.1501127042751,0.0049691796
116.22540285342201,999.8916460605504,185.55775451660156,1.0,0.19102459,150,6.321587378456531,948.4717000827317,0.03241715
114.66519525231688,1004.9616752913553,190.9678497314453,1.0,0.11799353,151,6.314045262303004,954.7857453450347,0.07303105
113.05581410495104,1010.1665040611398,196.1268310546875,1.0,0.023155198,152,6.291708873101614,961.0774542181363,0.094838336
111.42398857061687,1015.5076243428425,201.05418395996094,1.0,-0.057788104,153,6.2863419750979554,967.3637961932342,0.0809433
109.79840558549515,1020.9873319179088,205.76673889160156,1.0,-0.13925166,154,6.238083980546517,973.6018801737807,0.08146356
108.20028650902984,1026.6055475114533,210.27923583984375,1.0,-0.1924449,155,11.254619099758404,984.8564992735392,0.05319324
106.64856932899636,1032.3612892330482,214.6046600341797,1.0,-0.23557018,156,6.252617976016737,991.1091172495559,0.04312527
105.16345124433516,1038.2535266029397,218.75454711914062,1.0,-0.2798794,157,6.248164584647069,997.3572818342029,0.044309214
103.76031468514948,1044.2795262302516,222.7392578125,1.0,-0.30816495,158,6.231172713086121,1003.5884545472891,0.028285563
102.45771529756931,1050.4368073933956,226.56809997558594,1.0,-0.34396034,159,11.223130020635402,1014.8115845679245,0.03579539
101.27418541043684,1056.722168762175,230.24951171875,1.0,-0.37805057,160,6.25734946694961,1021.068934034874,0.03409022
100.22348088578242,1063.1308068525523,233.79116821289062,1.0,-0.3981694,161,6.259824999528213,1027.3287590344023,0.020118833
99.31593864256664,1069.6568989913847,237.2001495361328,1.0,-0.40905595,162,6.260033398992135,1033.5887924333945,0.01088655
98.55911726774426,1076.2939688073268,240.48289489746094,1.0,-0.41310203,163,11.283227116130004,1044.8720195495246,0.0040460825
97.96016173696334,1083.0353405754822,243.6453857421875,1.0,-0.41669542,164,6.292508060584456,1051.164527610109,0.0035933852
97.52736314129815,1089.8742481366758,246.6931915283203,1.0,-0.4236775,165,11.280941848715294,1062.4454694588242,0.006982088
97.26345604350016,1096.8034305528668,249.6314239501953,1.0,-0.4177755,166,6.32418886147897,1068.769658320303,0.0059019923
97.16460696960837,1103.8156478867697,252.46490478515625,1.0,-0.3973509,167,6.327541274795709,1075.0971995950988,0.020424604
97.21409708285834,1110.904311799068,255.1981201171875,1.0,-0.3483795,168,11.336604695376161,1086.4338042904749,0.048971415
97.37018032638997,1118.0647015635643,257.83526611328125,1.0,-0.24416097,169,6.3496453650109,1092.7834496554858,0.10421853
97.56365809748516,1125.2949014119897,260.38037109375,1.0,-0.08150528,170,11.338958520014355,1104.1224081755001,0.16265568
97.79190577618498,1132.592363232487,262.83709716796875,1.0,-0.07399794,171,6.405616034089114,1110.5280242095891,0.0075073466
98.05164270928104,1139.9546992411397,265.208984375,1.0,-0.065344155,172,11.386470455263481,1121.9144946648526,0.008653782
98.34727270057813,1147.3793537257902,267.4993591308594,1.0,-0.07389061,173,6.43625263227674,1128.3507472971294,0.008546457
98.67933699619057,1154.8639743306815,269.7113952636719,1.0,-0.0738457,174,11.186167722220473,1139.5369150193499,4.49121e-05
99.0535392047301,1162.4060325939408,271.84808349609375,1.0,-0.08496049,175,6.254339935689635,1145.7912549550394,0.011114791
99.46838764653762,1170.0033895585318,273.91229248046875,1.0,-0.080506176,176,11.167199526453135,1156.9584544814925,0.0044543147
99.91765624122738,1177.6542845158062,275.90667724609375,1.0,-0.06623743,177,6.2217474114179545,1163.1802018929104,0.014268748
100.42127524475099,1185.3554422290292,277.8338623046875,1.0,-0.10706159,178,11.099152752152575,1174.279354645063,0.04082416
100.98897706301531,1193.1040149916732,279.6962890625,1.0,-0.12583193,179,6.195112817226787,1180.4744674622898,0.018770345
101.62564022903742,1200.8973947024283,281.4963073730469,1.0,-0.13427767,180,11.175394766528541,1191.6498622288184,0.00844574
102.33167060638203,1208.733323275995,283.2361755371094,1.0,-0.13350198,181,6.178432082450841,1197.8282943112692,0.00077569485
103.11662931281911,1216.6086902141092,284.91802978515625,1.0,-0.15137923,182,11.148939303939851,1208.9772336152091,0.01787725
103.98163316387038,1224.5211033916273,286.5439758300781,1.0,-0.15201533,183,6.065567272779058,1215.0428008879883,0.00063610077
104.94087854103206,1232.466629548714,288.1159362792969,1.0,-0.17889436,184,11.08584634987659,1226.128647237865,0.026879027
105.99197677276696,1240.4431125370063,289.63580322265625,1.0,-0.17246586,185,10.995165525669588,1237.1238127635345,0.006428495
107.13933149599272,1248.447561260182,291.10540771484375,1.0,-0.17967597,186,5.97795708525959,1243.101769848794,0.0072101057
108.39937624851318,1256.4750051835722,292.5264587402344,1.0,-0.21056946,187,10.937566707052675,1254.0393365558466,0.03089349
109.78031305995583,1264.5212712152202,293.9006652832031,1.0,-0.22508852,188,10.875326611142892,1264.9146631669894,0.014519066
111.2928168937486,1272.5814100274852,295.2296447753906,1.0,-0.24443597,189,5.945095178870151,1270.8597583458595,0.019347444
112.96100256358966,1280.6472336813226,296.5149230957031,1.0,-0.28997046,190,10.891886421732895,1281.7516447675923,0.04553449
114.8059953060255,1288.7098867054249,297.7580261230469,1.0,-0.3296735,191,5.817709073507888,1287.5693538411,0.03970304
116.85529428162918,1296.7575150624064,298.9603271484375,1.0,-0.3820001,192,10.786586688370353,1298.3559405294704,0.05232659
119.13513035574468,1304.7764834844538,300.12322998046875,1.0,-0.43239522,193,10.754212482857236,1309.1101530123276,0.05039513
121.67702350745371,1312.7490764870001,301.2480773925781,1.0,-0.49408174,194,10.685474277768044,1319.7956272900956,0.061686516
124.51328797245256,1320.6538722875925,302.33612060546875,1.0,-0.5589923,195,5.704629347856657,1325.5002566379521,0.06491059
127.64458666386066,1328.4780063840665,303.38861083984375,1.0,-0.56342256,196,10.64172596524469,1336.1419826031968,0.0044302344
131.03730998262395,1336.2232648003428,304.4067687988281,1.0,-0.5001861,197,10.548477329810092,1346.6904599330069,0.063236475
134.66335569413033,1343.8923470134719,305.3916931152344,1.0,-0.44711667,198,5.649276609403005,1352.3397365424098,0.053069413
138.5043527815204,1351.4857326348108,306.344482421875,1.0,-0.41305542,199,10.677202797753667,1363.0169393401634,0.034061253
142.54692024358474,1359.0028351311537,307.2662353515625,1.0,-0.38881874,200,10.666985050676795,1373.6839243908403,0.02423668
146.78359815089854,1366.44079212278,308.1579895019531,1.0,-0.3766238,201,5.68378672457603,1379.3677111154163,0.0121949315
151.21952332557268,1373.7896736936061,309.0207214355469,1.0,-0.39091027,202,10.66983707213669,1390.037548187553,0.0142864585
155.8666026833285,1381.0344454163508,309.8553771972656,1.0,-0.42051786,203,10.622885678753898,1400.660433866307,0.029607594
160.75545048153845,1388.1455543516217,310.66290283203125,1.0,-0.49235195,204,10.544371418135368,1411.2048052844423,0.07183409
165.9087040657094,1395.0944903534605,311.4441833496094,1.0,-0.55125403,205,5.630281255336748,1416.835086539779,0.058902085
171.31830867612473,1401.8726660830368,312.2001037597656,1.0,-0.5455477,206,10.639098203878946,1427.474184743658,0.0057063103
176.96643661840392,1408.4801550811176,312.93145751953125,1.0,-0.51767486,207,10.654933549395926,1438.129118293054,0.02787286
182.83662786012636,1414.917797102782,313.63909912109375,1.0,-0.49177194,208,5.6573023676550065,1443.7864206607092,0.025902927
188.91506162363652,1421.185712907787,314.3237609863281,1.0,-0.47103435,209,10.576165421027845,1454.362586081737,0.020737588
195.19066713522614,1427.2826441210811,314.9862060546875,1.0,-0.4561931,210,10.548941162508502,1464.9115272442455,0.0148412585
201.65372991766375,1433.206873665643,315.6271667480469,1.0,-0.44422394,211,10.519891124976201,1475.4314183692218,0.011969149
208.29702376986455,1438.9546280676552,316.247314453125,1.0,-0.43840098,212,5.509958524099864,1480.9413768933216,0.0058229566
215.11255738036587,1444.5234414594017,316.847412109375,1.0,-0.4304961,213,10.552119260643527,1491.4934961539652,0.007904887
222.06732991124906,1449.9436337944398,317.42803955078125,1.0,-0.35173458,214,10.577766131712533,1502.0712622856777,0.07876152
229.15589365395363,1455.2138396554976,317.9898681640625,1.0,-0.34626424,215,10.52982488712187,1512.6010871727995,0.0054703355
236.38285301006482,1460.3188244864623,318.53350830078125,1.0,-0.37058347,216,5.446193211201949,1518.0472803840014,0.024319232
243.74574635249152,1465.2520171591825,319.05950927734375,1.0,-0.37584293,217,10.555380584396055,1528.6026609683975,0.0052594543
251.23041678119438,1470.0247629463963,319.5684814453125,1.0,-0.34468186,218,10.496359757665711,1539.0990207260631,0.03116107
258.82784120617964,1474.6422948987968,320.06097412109375,1.0,-0.32751295,219,10.484830665772906,1549.583851391836,0.01716891
266.5394236195142,1479.0930830870263,320.53753662109375,1.0,-0.34435856,220,10.405762811438423,1559.9896142032746,0.016845614
274.36670099604584,1483.3639188812685,320.99871826171875,1.0,-0.36391622,221,5.472441844800733,1565.4620560480753,0.019557655
282.30972843883364,1487.44262277537,321.4449462890625,1.0,-0.38087195,222,10.46325051121274,1575.925306559288,0.016955733
290.36461216741935,1491.3234340882839,321.8767395019531,1.0,-0.38527083,223,10.524564939365007,1586.449871498653,0.0043988824
298.5267660428961,1495.0015812018717,322.2945556640625,1.0,-0.38792986,224,10.491677235837393,1596.9415487344904,0.0026590228
306.7937251721785,1498.4668567374076,322.6988830566406,1.0,-0.4007308,225,5.5177026959019635,1602.4592514303924,0.012800932
315.1672335418338,1501.6964163958116,323.0901184082031,1.0,-0.4361996,226,10.42767084999601,1612.8869222803885,0.035468817
323.643488143439,1504.6776385382236,323.4687194824219,1.0,-0.45245105,227,10.420950371711859,1623.3078726521003,0.016251445
332.2069540251797,1507.431656436129,323.8350830078125,1.0,-0.40897918,228,10.410976867064138,1633.7188495191645,0.043471873
340.8379399078846,1510.0008806942355,324.1896057128906,1.0,-0.32996356,229,10.380923333602158,1644.0997728527666,0.07901561
349.5216594485376,1512.421530499457,324.5326232910156,1.0,-0.2638411,230,5.336405804678128,1649.4361786574448,0.06612247
358.25272546970956,1514.702179459398,324.8645935058594,1.0,-0.24692471,231,10.382334763083595,1659.8185134205285,0.01691638
367.0272711728408,1516.8472536958916,325.1858215332031,1.0,-0.2375245,232,10.352346595752175,1670.1708600162806,0.009400219
375.8422139328185,1518.858931938037,325.4966735839844,1.0,-0.23220265,233,10.316261047182149,1680.4871210634628,0.0053218454
384.6955880687274,1520.7348281936183,325.7974548339844,1.0,-0.23481192,234,10.205732702658276,1690.692853766121,0.0026092678
393.5851004773252,1522.473851079398,326.0885314941406,1.0,-0.23527147,235,5.227034926856788,1695.9198886929778,0.0004595518
402.5076737208703,1524.0791939944631,326.3702087402344,1.0,-0.22857116,236,10.248019179459487,1706.1679078724374,0.006700307
411.45952096851596,1525.559474802173,326.642822265625,1.0,-0.21290047,237,10.32927405087772,1716.497181923315,0.015670687
420.43695678647214,1526.9252923907127,326.9065856933594,1.0,-0.19413584,238,10.31602237440149,1726.8132042977165,0.01876463
429.43635966847074,1528.1899640562112,327.161865234375,1.0,-0.17105141,239,10.266263600456895,1737.0794678981733,0.023084432
438.4543022718523,1529.368988829614,327.4088439941406,1.0,-0.1445511,240,10.180770679110182,1747.2602385772834,0.026500314
447.48800638221405,1530.4764122006034,327.6478576660156,1.0,-0.12067987,241,5.213819148688029,1752.4740577259715,0.023871228
456.5349396900764,1531.5272137428442,327.879150390625,1.0,-0.0954168,242,10.222953523541989,1762.6970112495135,0.025263071
465.59295467610775,1532.5356048243495,328.1029968261719,1.0,-0.07156871,243,10.240335390226392,1772.9373466397399,0.023848087
474.660677143136,1533.5105981386296,328.3196105957031,1.0,-0.056444712,244,10.240182840421266,1783.1775294801612,0.015124001
483.7370025534858,1534.4596756799558,328.5292053222656,1.0,-0.04391752,245,10.179772214350939,1793.3573016945122,0.01252719
492.8208482632221,1535.3908241753932,328.7320251464844,1.0,-0.030604035,246,5.163922589822061,1798.5212242843343,0.013313487
501.9118894272318,1536.305082681665,328.9283142089844,1.0,-0.028805695,247,10.190079128056958,1808.7113034123913,0.0017983392
511.00719543340693,1537.2296095020984,329.1182556152344,1.0,0.016068205,248,10.205872793707657,1818.917176206099,0.0448739
520.1183688091065,1538.0415469820132,329.30206298828125,1.0,-0.18632594,249,10.222389218689209,1829.139565424788,0.20239414
529.2285701946296,1538.9175386233094,329.47991943359375,1.0,0.10468724,250,10.153551426077053,1839.293116850865,0.29101318
538.3337106513818,1539.8907220008787,329.65203857421875,1.0,0.15920006,251,10.129054135285077,1849.4221709861501,0.054512814
547.4759303009623,1540.4867465026844,329.818603515625,1.0,-0.62014693,252,5.067704553647746,1854.4898755397978,0.779347
556.6343050905107,1540.863125204339,329.97979736328125,1.0,-0.3600844,253,10.127515028220808,1864.6173905680187,0.26006252
565.800382543925,1541.1459240280606,330.13580322265625,1.0,-0.15327756,254,10.104010290644743,1874.7214008586634,0.20680685
574.9698440970357,1541.453889379614,330.2867431640625,1.0,0.040898457,255,10.057570762523735,1884.778971621187,0.19417602
584.1420836411327,1541.7979346903664,330.4328308105469,1.0,0.058682293,256,10.038824705952093,1894.8177963271391,0.017783836
593.3164854711273,1542.1862566000757,330.5741882324219,1.0,0.07201235,257,10.022775078664374,1904.8405714058035,0.013330057
602.4920811415208,1542.6320082343684,330.71099853515625,1.0,0.0934186,258,5.011386991831645,1909.8519583976351,0.021406248
611.6674807530234,1543.1514979747642,330.8433837890625,1.0,0.11996271,259,10.008591564343785,1919.860549961979,0.026544109
620.8408164769779,1543.7623545545703,330.9714660644531,1.0,0.14866549,260,10.000463902109733,1929.8610138640886,0.02870278
630.0102306986118,1544.47537881589,331.0954284667969,1.0,0.16625772,261,9.982044723087053,1939.8430585871756,0.017592236
639.1703787934157,1545.3353524383726,331.21539306640625,1.0,0.23937325,262,9.981395854055116,1949.8244544412307,0.07311553
648.3177096981733,1546.3519902967846,331.33148193359375,1.0,0.2554201,263,10.008010202268544,1959.8324646434992,0.016046837
657.4720437357802,1547.333230250114,331.4438171386719,1.0,-0.058397196,264,10.002908445995395,1969.8353730894946,0.3138173
666.6361704931636,1548.2492291233966,331.5525207519531,1.0,-0.10700306,265,5.050867332601308,1974.8862404220959,0.048605867
675.8087419725642,1549.1083291586265,331.6577453613281,1.0,-0.093230486,266,10.093895669375682,1984.9801360914714,0.013772577
684.9913072484645,1549.8872577738268,331.7595520019531,1.0,-0.13097402,267,10.13364310048867,1995.11377919196,0.03774354
694.1833225195842,1550.5826228410526,331.8580627441406,1.0,-0.136281,268,10.13850140846375,2005.2522806004238,0.005306974
703.3852454778588,1551.1743213660836,331.953369140625,1.0,-0.16872266,269,10.14883325485198,2015.4011138552758,0.03244166
712.5889274702567,1551.7784713898031,332.0456237792969,1.0,0.019944422,270,10.250091325023282,2025.651205180299,0.18866709
721.8013890210392,1552.2775285592365,332.1348876953125,1.0,-0.17072845,271,5.364965375502138,2031.0161705558012,0.19067287
731.0265821025739,1552.5196163012847,332.2212829589844,1.0,-0.41645157,272,10.882242086576706,2041.898412642378,0.24572313
740.2526257874921,1552.2267218749694,332.3049011230469,1.0,-0.865626,273,11.431977550810966,2053.330390193189,0.4491744
748.7130874238874,1551.7042392028936,305.1568603515625,-0.94110835,-0.46498626,274,11.140975460739128,2064.471365653928,0.4006397
756.4688572238891,1551.1138822006533,280.0154113769531,-1.0,-0.22955327,275,5.072504675127881,2069.5438703290556,0.235433
763.604893141821,1550.5041527972023,257.8333435058594,-1.0,-0.15270971,276,9.796813535040137,2079.340683864096,0.07684356
770.192931486552,1549.9355230732854,238.05117797851562,-1.0,-0.01449053,277,4.548745956165621,2083.8894298202613,0.13821918
776.2993855932501,1549.5624447848274,220.24224853515625,-1.0,0.42683536,278,4.806497857612164,2088.6959276778734,0.4413259
781.9674251024413,1549.4725417458587,204.07508850097656,-1.0,0.7737365,279,4.674737747683278,2093.3706654255566,0.34690112
787.2232434074887,1549.6238418828664,189.287841796875,-1.0,0.7656405,280,4.165298164776645,2097.5359635903333,0.00809598
792.0917463789976,1549.9548242033165,175.67066955566406,-1.0,0.66768014,281,4.097397501105598,2101.633361091439,0.09796035
796.5844932301917,1550.5287369153295,163.0531768798828,-1.0,1.0,282,3.7460227456812967,2105.3793838371203,0.33231986
800.7293694615151,1551.223186145228,151.2953643798828,-1.0,0.64839923,283,3.9295433598627465,2109.308927196983,0.35160077
804.5257672448339,1552.1015915390533,140.28102111816406,-1.0,1.0,284,4.001491370014262,2113.310418566997,0.35160077
807.9833468307924,1553.134914669482,129.91268920898438,-1.0,1.0,285,4.155332571078162,2117.4657511380756,0.0
811.1110474306256,1554.2962025700356,120.10789489746094,-1.0,1.0,286,-1.2900721914516888,2116.175678946624,0.0
813.9172364408519,1555.5600741887597,110.79621124267578,-1.0,1.0,287,3.463695872391967,2119.6393748190158,0.0
816.4098711316162,1556.9022721428387,101.91703033447266,-1.0,1.0,288,-1.980481905050814,2117.658892913965,0.0
818.634203661902,1558.3208602203067,94.97484588623047,-0.80810225,1.0,289,2.8003364209245927,2120.459229334889,0.0
820.6045620529121,1559.8024368030656,88.74844360351562,-0.74654996,1.0,290,2.671890409561698,2123.131119744451,0.0
822.342177687813,1561.3416362165665,83.5668716430664,-0.634217,1.0,291,-2.4930668710112736,2120.63805287344,0.0
823.9227386849171,1562.9888171952173,82.1823959350586,-0.14700511,1.0,292,2.555908696552443,2123.193961569992,0.0
825.3960087693607,1564.7930222446669,83.8551254272461,0.13100824,1.0,293,-2.3118614014539123,2120.8821001685383,0.0
826.8750840265906,1566.9092693140644,92.94810485839844,0.6451259,1.0,294,3.426387943352928,2124.308488111891,0.0
828.3516679663144,1569.3736488826044,103.4238510131836,0.8245223,1.0,295,-0.9944660915959771,2123.3140220202954,0.0
829.705716000191,1572.0323548505978,107.411376953125,0.37212422,1.0,296,4.5332122285469785,2127.8472342488426,0.0
830.9755991944215,1574.9179364613149,113.49530029296875,0.5737098,0.84526503,297,-0.24753857181079053,2127.599695677032,0.15473497
832.1425537450505,1577.7809661176802,111.3018569946289,-0.20249665,0.40862215,298,4.902355840455924,2132.502051517488,0.4366429
833.2657032010572,1580.4675203107345,104.82763671875,-0.712804,-0.12870099,299,4.582980948156331,2137.0850324656444,0.5373231
834.3623600269952,1582.9327787218003,97.13434600830078,-0.887168,-0.31110317,300,-0.8094495130754835,2136.275582952569,0.18240218
835.4164281025994,1585.189526872892,89.66798400878906,-0.8942035,-0.2414821,301,3.808414895768152,2140.0839978483373,0.06962107
836.437271409148,1587.2145685813557,81.64078521728516,-1.0,-0.36952412,302,-1.6350553299985398,2138.4489425183388,0.12804203
837.3945499319508,1589.0530240958378,74.61907196044922,-0.9026145,-0.15221854,303,2.9592210277620823,2141.4081635461007,0.21730559
838.4195511834916,1590.6403859215388,68.02328491210938,-0.8720216,-1.0,304,-2.396360140235267,2139.0118034058655,0.8477815
839.3971410157706,1592.04605572964,61.63878631591797,-0.8660826,-0.34433615,305,-2.7879545336076985,2136.223848872258,0.65566385
840.5040474306093,1593.3358912734,61.18853759765625,-0.039397158,-1.0,306,2.0279844593904186,2138.2518333316484,0.65566385
841.723795811405,1594.4931635672897,60.529964447021484,-0.06950591,-1.0,307,-3.0351811197894345,2135.216652211859,0.0
843.2854987042792,1595.7292375701438,71.70053100585938,0.56356955,-1.0,308,2.314219946907731,2137.5308721587667,0.0
845.2818300124236,1597.069470010157,86.56156158447266,0.88759476,-1.0,309,-1.9604694329200283,2135.5704027258466,0.0
847.7008745840169,1598.4539882513025,100.34038543701172,1.0,-1.0,310,3.5362020710478856,2139.1066047968943,0.0
850.5013884632,1599.8156834155218,112.10455322265625,1.0,-1.0,311,3.99062413953505,2143.0972289364295,0.0
853.6515786655558,1601.1033239450203,122.5149154663086,1.0,-1.0,312,-0.49343808007393436,2142.6037908563553,0.0
857.1238778192192,1602.2746862522097,131.92391967773438,1.0,-1.0,313,4.922782034259218,2147.5265728906147,0.0
860.8859130355072,1603.2915306523196,140.2932586669922,0.9724877,-1.0,314,5.270167078120323,2152.796739968735,0.0
864.9200959392487,1604.124344087763,148.29295349121094,1.0,-1.0,315,5.591610286612143,2158.388350255347,0.0
869.1807465280813,1604.875747710127,155.75045776367188,1.0,-0.48632073,316,0.8981378737851302,2159.2864881291325,0.51367927
873.6541185925616,1605.5275963244594,162.74215698242188,1.0,-0.5048071,317,6.092164678815584,2165.378652807948,0.01848638
878.3225502024542,1606.10103772845,169.32667541503906,1.0,-0.38227332,318,6.1240048079221605,2171.5026576158702,0.1225338
883.149951143344,1606.790550201934,175.5502166748047,1.0,0.33562022,319,6.100842569772008,2177.603500185642,0.71789354
888.1220664347962,1607.6166823870665,181.45008850097656,1.0,0.3900032,320,6.097017671938076,2183.70051785758,0.05438298
893.2277740205492,1608.5812819334142,187.05699157714844,1.0,0.37860107,321,6.0628866525094045,2189.7634045100895,0.01140213
898.4588443493665,1609.6758055974503,192.3966064453125,1.0,0.3352167,322,6.073913995831074,2195.8373185059204,0.043384373
903.807051838771,1610.8969770040312,197.49070739746094,1.0,0.31269145,323,11.01183011591638,2206.849148621837,0.02252525
909.2648163496387,1612.24199294119,202.3579864501953,1.0,0.29388064,324,6.008228961362895,2212.8573775831996,0.018810809
914.8296635125487,1613.6910168212705,207.0146942138672,1.0,0.22441761,325,5.998449304427354,2218.855826887627,0.06946303
920.4975815043849,1615.234447535441,211.4750213623047,1.0,0.19029243,326,5.967033647258091,2224.822860534885,0.03412518
926.2646207197989,1616.8649357384304,215.75155639648438,1.0,0.16499653,327,6.114088977213426,2230.936949512098,0.025295898
932.1278069037564,1618.5736440240735,219.85549926757812,1.0,0.13690765,328,6.170754158446179,2237.107703670544,0.028088883
938.0837389518107,1620.3548623174142,223.796875,1.0,0.11929317,329,11.062695992767916,2248.1703996633123,0.017614484
944.1299282646844,1622.2011388103044,227.5847625732422,1.0,0.097728044,330,6.103782994894438,2254.274182658207,0.021565124
950.2649260133056,1624.102850474454,231.2273712158203,1.0,0.07123944,331,6.152073313295305,2260.426255971502,0.026488602
956.4858192965728,1626.056134895135,234.73223876953125,1.0,0.061576143,332,6.176277203509608,2266.6025331750116,0.009663299
962.7888942842428,1628.0603943889964,238.10621643066406,1.0,0.061007425,333,10.981806832349548,2277.584340007361,0.0005687177
969.1494141891491,1630.1797661425028,241.3556365966797,1.0,0.23064713,334,5.982974887722827,2283.5673148950837,0.1696397
975.5798399176235,1632.364079680691,244.48638916015625,1.0,0.09720184,335,6.020390166404038,2289.5877050614877,0.1334453
982.0707681837168,1634.6301224301528,247.5038604736328,1.0,0.14035906,336,11.012237376116643,2300.599942437604,0.04315722
988.6116800512125,1636.9968264085899,250.41310119628906,1.0,0.18760853,337,6.149868706234991,2306.749811143839,0.047249466
995.1902133029002,1639.486412814082,253.21884155273438,1.0,0.24196355,338,11.127376672976856,2317.877187816816,0.054355025
1001.7915569144154,1642.1247328322206,255.9254913330078,1.0,0.304439,339,6.113487709621278,2323.9906755264374,0.062475458
1008.4019022471203,1644.9316090178659,258.5372009277344,1.0,0.35131484,340,10.934882146587245,2334.9255576730247,0.046875834
1015.0704241428854,1647.780577878023,261.057861328125,1.0,0.036254972,341,6.011047731198056,2340.936605404223,0.31505987
1021.8249674290311,1650.5995871480975,263.49114990234375,1.0,-0.13729213,342,6.052464587925961,2346.989069992149,0.1735471
1028.6649461373763,1653.3825572082892,265.84051513671875,1.0,-0.14637408,343,11.004237313299326,2357.993307305448,0.009081945
1035.5832394368101,1656.1397618796386,268.1092834472656,1.0,-0.11678332,344,5.9838420025128904,2363.977149307961,0.029590756
1042.5760812678193,1658.8738900067367,270.300537109375,1.0,-0.10613574,345,10.921469379796036,2374.8986186877573,0.01064758
1049.6385078216706,1661.5912064508188,272.4172058105469,1.0,-0.08782187,346,5.97449827188319,2380.8731169596404,0.01831387
1056.7712126189374,1664.2836250984972,274.462158203125,1.0,-0.102810875,347,10.981385642606005,2391.854502602246,0.014989004
1063.9695247815166,1666.9573450486666,276.43798828125,1.0,-0.085421525,348,5.968347720930189,2397.822850323176,0.01738935
1071.2377607617816,1669.5944924776911,278.3472900390625,1.0,-0.12203233,349,10.913159081069304,2408.7360094042456,0.036610804
1078.5731773411794,1672.196165109601,280.1925048828125,1.0,-0.11606011,350,10.87738307779286,2419.6133924820383,0.0059722215
1085.9697901022835,1674.7731334739524,281.9759521484375,1.0,-0.08945593,351,6.0045900488784385,2425.617982530917,0.026604176
1093.4315270866934,1677.3080027445253,283.6998291015625,1.0,-0.12409526,352,10.983770504059953,2436.601753034977,0.03463933
1100.9390648548647,1679.8447327465287,285.282958984375,0.98059475,-0.026108872,353,5.97568973052169,2442.5774427654983,0.097986385
1108.393844073282,1682.3578128210559,283.21112060546875,0.13676646,-0.011216201,354,10.815184736880491,2453.3926275023787,0.014892671
1115.4524964309255,1684.7416609259371,268.21160888671875,-0.62136793,0.008923128,355,5.163614824430404,2458.5562423268093,0.02013933
1122.0507399703456,1686.8306546571253,249.1572265625,-0.90144145,-0.31730518,356,9.430620203765132,2467.9868625305744,0.32622832
1128.2520248585954,1688.3972617399997,230.25987243652344,-1.0,-1.0,357,3.6503186291526495,2471.637181159727,0.6826948
1134.0862337060873,1689.5124510386468,213.8340606689453,-0.95764434,-1.0,358,3.026253043383358,2474.6634342031102,0.0
1139.6635965706928,1690.2445317068903,202.50733947753906,-0.6962236,-1.0,359,2.732969635562995,2477.396403838673,0.0
1145.0352631525818,1690.6331150494752,193.88531494140625,-0.5459033,-1.0,360,2.410516489881279,2479.8069203285545,0.0
1150.2023024715575,1690.7047594718242,186.0312957763672,-0.51892453,-1.0,361,2.220448260101342,2482.027368588656,0.0
1155.2118055508452,1690.4812745634254,180.521484375,-0.3562244,-1.0,362,1.9476633273828905,2483.975031916039,0.0
1160.0586560237018,1689.979427541061,175.41943359375,-0.33756503,-1.0,363,1.8945058733437365,2485.869537789383,0.0
1164.7840501367673,1689.2077515202309,172.36758422851562,-0.17424521,-1.0,364,1.8509127504054115,2487.720450539788,0.0
1169.3767470431355,1688.1773447440762,169.44723510742188,-0.16842446,-1.0,365,2.007419824381754,2489.72787036417,0.0
1173.829911463955,1686.8984462828769,166.79408264160156,-0.14998046,-1.0,366,2.0003118146990078,2491.7281821788692,0.0
1178.178977904404,1685.3665532036541,165.9950408935547,0.019671582,-1.0,367,2.232660663570773,2493.96084284244,0.0
1182.406631300424,1683.5904925701127,165.0804901123047,0.002676569,-1.0,368,2.2474244850904697,2496.2082673275304,0.0
1186.493060808782,1681.5819405076184,163.92135620117188,-0.0213928,-1.0,369,2.2644402290564942,2498.472707556587,0.0
1190.41595840828,1679.3563379420186,162.3693084716797,-0.058677472,-1.0,370,2.180612379838399,2500.6533199364253,0.0
1194.163290402489,1676.9258899322026,160.79380798339844,-0.06280742,-1.0,371,2.203753171305574,2502.8570731077307,0.0
1197.7272329346772,1674.3010741689498,159.34359741210938,-0.053153075,-1.0,372,2.1287771081675992,2504.985850215898,0.0
1201.1059175487912,1671.4880019935179,158.2726593017578,-0.019333579,-1.0,373,-2.885161130926165,2502.100689084972,0.0
1204.3306955918547,1668.4612415144263,159.21800231933594,0.23382059,-1.0,374,2.241905391609991,2504.3425944765822,0.0
1207.3922910662181,1665.2252479943088,160.3719024658203,0.26373354,-1.0,375,2.396834189392828,2506.739428665975,0.0
1210.2873436065313,1661.7774723034809,162.0739288330078,0.33936635,-1.0,376,2.580833036810782,2509.320261702786,0.0
1213.018249814344,1658.1050162305764,164.7556915283203,0.47566882,-1.0,377,2.637182267684145,2511.95744397047,0.0
1215.5976028545626,1654.1729708911141,169.29205322265625,0.7381867,-1.0,378,2.8148675687314086,2514.7723115392014,0.0
1218.028515614757,1649.9467418466916,175.51744079589844,1.0,-1.0,379,3.0564031025039102,2517.828714641705,0.0
1220.2817916202823,1645.4391410338008,181.4189910888672,1.0,-1.0,380,3.3249187411339562,2521.153633382839,0.0
1222.3298394717742,1640.6646602717065,187.0274200439453,1.0,-1.0,381,3.536961907692758,2524.6905952905317,0.0
1224.1466499826943,1635.6394327889411,192.36842346191406,1.0,-1.0,382,3.7133020964093295,2528.403897386941,0.0
1225.6733129063714,1630.4975379129853,193.0948944091797,0.31001034,-1.0,383,3.565426423548256,2531.969323810489,0.0
1226.9009081971678,1625.262091460656,193.5879364013672,0.27559498,-1.0,384,3.416409514486829,2535.385733324976,0.0
1227.842729200065,1619.8406109012456,198.09645080566406,0.91546077,-1.0,385,3.478375457442794,2538.864108782419,0.0
1228.4819728030634,1614.239828075488,202.9372100830078,1.0,-1.0,386,3.5880077502578405,2542.452116532677,0.0
1229.0473308709738,1608.5018007704139,207.56922912597656,1.0,-0.26418638,387,8.62009372470201,2551.072210257379,0.7358136
1229.3678736976844,1602.6214618086376,212.00648498535156,1.0,-0.74764943,388,3.7204854967368455,2554.792695754116,0.48346305
1229.7259619501187,1596.6248833503903,216.26138305664062,1.0,0.0884871,389,3.8537978553771683,2558.646493609493,0.8361365
1230.104985444619,1590.5159364926412,220.344970703125,1.0,0.03948526,390,3.9598225416592054,2562.6063161511524,0.049001843
1230.5008999891556,1584.2988869852593,224.26715087890625,1.0,0.027702734,391,4.084301427540234,2566.6906175786926,0.011782527
1230.9169891087265,1577.9782095022106,228.03689575195312,1.0,0.036221147,392,9.150767974044497,2575.841385552737,0.008518413
1231.3575297042175,1571.5582422546547,231.66232299804688,1.0,0.046920687,393,4.307502607382108,2580.148888160119,0.01069954
1231.767194512063,1565.0391329307902,235.15086364746094,1.0,-0.09693338,394,4.370995485939382,2584.5198836460586,0.14385407
1232.260158595134,1558.432238916026,238.50933837890625,1.0,0.1968096,395,9.28679887657522,2593.8066825226338,0.29374298
1232.7702227794616,1551.7365278037141,241.74398803710938,1.0,0.02604945,396,4.389371081043526,2598.1960536036772,0.17076015
1233.3143391405335,1544.9566430189445,244.86061096191406,1.0,0.06767069,397,4.47787349819007,2602.6739271018673,0.041621238
1233.9091262902095,1538.0972541164658,247.86460876464844,1.0,0.10677987,398,9.474941679236155,2612.1488687811034,0.039109185
1234.571343945056,1531.163221115353,250.760986328125,1.0,0.1447737,399,4.534404587202986,2616.6832733683063,0.037993833
1235.3185458008486,1524.1597904095959,253.5543975830078,1.0,0.1833752,400,9.476987073703317,2626.1602604420095,0.038601488
1236.1691736175967,1517.09276433243,256.249267578125,1.0,0.22290616,401,4.617271790379665,2630.777532232389,0.039530963
1237.1405767897506,1509.9684160295394,258.84967041015625,1.0,0.25889796,402,4.725529421357276,2635.5030616537465,0.035991803
1238.1624676989125,1502.7807095933438,261.3594665527344,1.0,0.09377925,403,9.81605210934391,2645.3191137630906,0.16511871
1239.1143491646721,1495.5155142603705,263.7823486328125,1.0,-0.1792739,404,4.880912616758032,2650.2000263798486,0.27305317
1240.0906216268227,1488.1879948094684,266.1217041015625,1.0,0.03554131,405,9.772543122985615,2659.972569502834,0.21481521
1241.0076255341694,1480.7895847019145,268.3808288574219,1.0,-0.14881545,406,4.810072752532057,2664.782642255366,0.18435676
1241.970715014482,1473.335913260453,270.5628356933594,1.0,0.08417122,407,9.853655241630324,2674.6362974969966,0.23298667
1242.907432354956,1465.819876342262,272.67059326171875,1.0,-0.07305788,408,4.9371013194546585,2679.573398816451,0.1572291
1243.8473059109854,1458.2472318398654,274.7069091796875,1.0,-0.0081958175,409,10.01426050242181,2689.5876593188727,0.064862065
1244.8116737132848,1450.6225737891668,276.67449951171875,1.0,0.037562072,410,5.083177791208279,2694.670837110081,0.04575789
1245.8247998682286,1442.9509637072802,278.57586669921875,1.0,0.08832131,411,10.117994324365732,2704.7888314344464,0.05075924
1246.7922134713401,1435.6633367047514,264.65606689453125,-0.5842788,0.011023328,412,4.362225284534823,2709.151056718981,0.077297986
1247.5887555405388,1428.8347679878057,247.49530029296875,-0.8166298,-0.26407045,413,9.242233190649586,2718.3932899096308,0.2750938
1248.3553253688492,1422.3578086251553,234.7979278564453,-0.63910514,0.02833356,414,3.948823097581339,2722.342113007212,0.292404
1248.9510204165156,1416.3039270185814,218.99227905273438,-0.89199865,-0.33591032,415,3.574727473873939,2725.9168404810857,0.36424387
1249.3724143374254,1410.6416750755118,204.40478515625,-0.89846337,-0.40779167,416,3.0749425165499775,2728.9917829976357,0.071881354
1249.6118652604935,1405.351798608618,190.63055419921875,-0.9225256,-0.49840957,417,2.6254250970429673,2731.6172080946785,0.090617895
1249.6613529137694,1400.3780055060136,179.06541442871094,-0.8276911,-0.6035781,418,2.3034690222513965,2733.9206771169297,0.10516852
1249.5326452968345,1395.692692616903,168.73489379882812,-0.78532034,-0.635867,419,2.2673235116427106,2736.1880006285724,0.03228891
1249.1490584845528,1391.2898981500496,159.10101318359375,-0.77597654,-1.0,420,2.0803660956317778,2738.268366724204,0.364133
1248.5367894248095,1387.1574601890782,150.3917694091797,-0.7375306,-1.0,421,1.9547842736525975,2740.2231509978565,0.0
1247.7163164181127,1383.2721472142455,142.95596313476562,-0.6539686,-1.0,422,1.902933532075835,2742.126084529932,0.0
1246.7017306711032,1379.6057423151794,136.95106506347656,-0.53986627,-1.0,423,1.8562687854095863,2743.9823533153417,0.0
1245.50743748465,1376.1493360871075,131.64920043945312,-0.4878429,-1.0,424,-3.503531945260891,2740.478821370081,0.0
1244.1194571023775,1372.827387442324,129.60916137695312,-0.15424713,-1.0,425,1.5995938741758955,2742.0784152442566,0.0
1242.5481422061587,1369.6498451557231,127.61380767822266,-0.15275356,-1.0,426,1.5936310603447028,2743.6720463046013,0.0
1240.7908619910381,1366.6012152819233,126.67794799804688,-0.039735474,-1.0,427,1.6033364629888676,2745.27538276759,0.0
1238.8182909135837,1363.6309061619434,128.3629608154297,0.23412678,-1.0,428,-3.255389083925869,2742.0199936836643,0.0
1236.5372681195151,1360.6192503434527,136.00729370117188,0.8667076,-1.0,429,2.1792610713369056,2744.199254755001,0.0
1233.9269811404547,1357.5766773521602,144.31846618652344,1.0,-1.0,430,2.6408807221579655,2746.840135477159,0.0
1230.989703391245,1354.5420770346716,152.0393829345703,1.0,-1.0,431,2.982892820078429,2749.8230282972377,0.0
1227.7295941379598,1351.5517400231724,159.25851440429688,1.0,-1.0,432,3.292658122033342,2753.115686419271,0.0
1224.1526872004329,1348.6398675391818,166.04261779785156,1.0,-1.0,433,3.5277806115456003,2756.6434670308163,0.0
1220.3709882563755,1345.9151244920226,167.79812622070312,0.36672792,-1.0,434,3.5015324561191723,2760.1449994869354,0.0
1216.4110078711951,1343.401964256851,168.84506225585938,0.27557203,-1.0,435,-1.3644904037837977,2758.7805090831516,0.0
1212.158872036524,1341.0407730697784,175.09432983398438,1.0,-1.0,436,3.822536598431357,2762.603045681583,0.0
1207.6278340325186,1338.8606128109946,181.0173797607422,1.0,-1.0,437,4.107509652251584,2766.7105553338347,0.0
1202.9375816551965,1336.6511922322914,186.64535522460938,1.0,-0.14113142,438,4.32197979145083,2771.0325351252854,0.8588686
1198.0883628598579,1334.4306556019712,192.00425720214844,1.0,-0.18561539,439,9.121372966815976,2780.1539080921016,0.044483975
1193.0650718334464,1332.251877172668,197.11611938476562,1.0,-0.34609807,440,4.251746928423677,2784.405655020525,0.16048267
1187.9273586523766,1329.9961226734083,201.99986267089844,1.0,0.076665804,441,4.341785881350292,2788.7474409018755,0.42276388
1182.726169372422,1327.5660217341938,206.67185974121094,1.0,0.40009034,442,4.49631482351995,2793.2437557253957,0.32342452
1177.4225704595685,1325.061589383037,211.14649963378906,1.0,0.06994484,443,4.615055310677331,2797.858811036073,0.33014548
1172.0506427480148,1322.4243973740777,215.43643188476562,1.0,0.2591282,444,4.64446622192758,2802.5032772580003,0.18918337
1166.5816370346045,1319.725500719123,219.552978515625,1.0,0.035205558,445,4.682940666161777,2807.186217924162,0.22392265
1161.0462308732103,1316.9139470650368,223.50624084472656,1.0,0.19601612,446,9.72775179390683,2816.913969718069,0.16081056
1155.4210861811387,1314.0460523908994,227.30535888671875,1.0,0.025746532,447,4.7962034925970345,2821.710173210666,0.17026958
1149.7242038330855,1311.0957317156658,230.9586181640625,1.0,0.10760091,448,4.849130160849451,2826.559303371516,0.08185438
1143.949439731194,1308.083541454826,234.4735870361328,1.0,0.049482718,449,9.925289587940952,2836.4845929594567,0.058118194
1138.1065607268768,1304.9988835357428,237.857177734375,1.0,0.083303496,450,5.082789554705289,2841.567382514162,0.033820778
1132.1996551847858,1301.8418099141038,241.11575317382812,1.0,0.08543964,451,5.136856134377412,2846.7042386485396,0.002136141
1126.253706978837,1298.5737651101635,244.2552032470703,1.0,0.19571523,452,9.97461714165977,2856.678855790199,0.1102756
1120.2390462639082,1295.256254764456,247.281005859375,1.0,0.024870664,453,5.016139864987224,2861.694995655186,0.17084457
1114.161355350667,1291.8852782484507,250.19821166992188,1.0,0.039145485,454,4.991027582914987,2866.6860232381014,0.014274821
1108.0243546873928,1288.4601652201013,253.01156616210938,1.0,0.043785363,455,10.016365263059491,2876.702388501161,0.004639879
1101.8314734792116,1284.9805472701219,255.7255096435547,1.0,0.047352508,456,5.112267242625317,2881.8146557437863,0.0035671443
1095.5858029912238,1281.4464493131827,258.3442077636719,1.0,0.04967144,457,10.170965417806721,2891.985621161593,0.0023189336
1089.2904791609453,1277.857621274321,260.87158203125,1.0,0.052551568,458,5.264056264839639,2897.2496774264328,0.0028801262
1082.9487614422385,1274.2134227837414,263.3113098144531,1.0,0.056281716,459,10.109265370375526,2907.358942796808,0.003730148
1076.5628678825308,1270.5148581533545,265.6668701171875,1.0,0.055636466,460,5.166577486977114,2912.525520283785,0.0006452501
1070.133783994666,1266.7648626901203,267.9415588378906,1.0,0.05005087,461,5.120504303598773,2917.646024587384,0.005585596
1063.6638681143554,1262.9638224437672,270.13848876953125,1.0,0.050946683,462,10.198681031382744,2927.844705618767,0.0008958131
1057.1557099455072,1259.111581753904,272.2606506347656,1.0,0.05311148,463,10.093952196332637,2937.9386578150998,0.002164796
1050.6126821786004,1255.2065446126949,274.31085205078125,1.0,0.058735475,464,5.275564541900625,2943.2142223570004,0.0056239963
1044.0366338586173,1251.249562427161,276.2917785644531,1.0,0.05819331,465,10.239603780083742,2953.453826137084,0.00054216385
1037.4300324470998,1247.2403288965927,278.2060241699219,1.0,0.060438856,466,5.357070720571134,2958.8108968576553,0.0022455454
1030.7954395166942,1243.1782862498244,280.05596923828125,1.0,0.063216045,467,10.3099314621988,2969.120828319854,0.002777189
1024.134691821055,1239.0639618443981,281.8439636230469,1.0,0.06330146,468,5.391204631226741,2974.5120329510805,8.5413456e-05
1017.4486572466549,1234.8993265770027,283.572265625,1.0,0.059901312,469,10.284476729693138,2984.796509680774,0.003400147
1010.737430567085,1230.6874450125479,285.2429504394531,1.0,0.053924188,470,5.20813523484803,2990.004644915622,0.005977124
1004.0136732101985,1226.4113994649358,286.8580627441406,1.0,0.09526895,471,10.189982449839963,3000.194627365462,0.04134476
997.1721268536951,1222.2424832937663,288.4195861816406,1.0,-0.30460435,472,10.057510048579992,3010.252137414042,0.39987332
990.3308934669108,1217.9930227434334,289.9294128417969,1.0,0.13573042,473,5.1643140428300205,3015.416451456872,0.44033477
983.4809835533715,1213.6809498213793,291.38934326171875,1.0,0.09503321,474,10.108766633875081,3025.525218090747,0.040697202
976.4585520904527,1209.5776530279877,292.8010559082031,1.0,-0.5216572,475,5.078205394018563,3030.6034234847652,0.61669046
969.4457600433437,1205.3835342534337,294.1662292480469,1.0,0.1606847,476,10.045280654319917,3040.648704139085,0.68234193
962.4374862443279,1201.1109858844989,295.4864807128906,1.0,0.1335086,477,9.99846322326861,3050.6471673623537,0.027176112
955.4247625211594,1196.777884880934,296.7633056640625,1.0,0.09412305,478,5.026485086632947,3055.6736524489866,0.039385542
948.3968239373138,1192.4042284916047,297.99822998046875,1.0,0.050217703,479,10.052495221491265,3065.726147670478,0.043905348
941.3386852834286,1188.0163068388063,299.1926574707031,1.0,-0.007244885,480,10.039575428171617,3075.7657230986497,0.057462588
934.228122980989,1183.652187813851,300.34796142578125,1.0,-0.08974834,481,5.026087834845572,3080.791810933495,0.08250345
927.0319438761172,1179.3697167079827,301.4654541015625,1.0,-0.21320717,482,10.02075147762939,3090.8125624111244,0.12345883
919.7118806146035,1175.2411554049704,302.5464172363281,1.0,-0.36282736,483,9.928362453178016,3100.7409248643025,0.14962019
912.2411188918342,1171.3289800756042,303.5920715332031,1.0,-0.48454052,484,4.923444419632193,3105.664369283935,0.12171316
904.6803794025727,1167.5306513811631,304.60357666015625,1.0,-0.26194543,485,10.000474122182299,3115.664843406117,0.2225951
897.3311054563435,1163.2831877238175,305.5820617675781,1.0,0.9077738,486,9.964163005799794,3125.629006411917,1.1697192
890.1033658459795,1158.7821168640533,306.5286560058594,1.0,0.51050115,487,9.939830170622107,3135.568836582539,0.39727265
883.0120195416616,1154.023282111143,307.4444274902344,1.0,0.5273998,488,4.993717808138226,3140.562554390677,0.016898632
876.0318804756915,1149.0601875376908,308.33038330078125,1.0,0.41809332,489,10.052949255232424,3150.6155036459095,0.109306455
869.15322472406,1143.917508954441,309.1875,1.0,0.3689322,490,9.933454538237983,3160.5489581841475,0.049161136
862.3558808595624,1138.630226885662,310.0167236328125,1.0,0.29466796,491,4.886504427770124,3165.4354626119175,0.07426423
855.6363108853557,1133.208887334705,310.8189697265625,1.0,0.27405518,492,9.895082185392308,3175.33054479731,0.020612776
848.9484541861596,1127.714446107018,311.59515380859375,1.0,0.13657473,493,9.891283844844082,3185.221828642154,0.13748045
842.2899488689893,1122.1518778279521,312.34613037109375,1.0,0.12629397,494,9.837053209815464,3195.0588818519695,0.010280758
835.6237301235257,1116.5670736368925,313.07275390625,1.0,0.021403313,495,4.8625520327604885,3199.92143388473,0.10489066
829.0098527356135,1110.8903510851426,313.7757873535156,1.0,0.1832032,496,9.834674992658005,3209.756108877388,0.1617999
822.5019571260875,1105.0640679169119,314.45599365234375,1.0,0.3202935,497,9.787031049620767,3219.543139927009,0.13709028
815.9426172349732,1099.268116493982,315.1141357421875,1.0,-0.09956814,498,9.715873887610911,3229.25901381462,0.4198616
809.3349665776361,1093.5003659792144,315.7509765625,1.0,-0.092664555,499,4.779645661392549,3234.0386594760125,0.006903589
802.6822993137722,1087.758368435012,316.36712646484375,1.0,-0.08524002,500,9.765637180343669,3243.804296656356,0.0074245334
796.1325316766732,1081.874457425033,316.96331787109375,1.0,0.30299944,501,9.718126708975737,3253.522423365332,0.38823944
789.5360175607359,1076.0188365577367,317.5401916503906,1.0,-0.09045781,502,9.6683695432694,3263.1907929086015,0.39345723
782.8936514368652,1070.1917398677724,318.0984191894531,1.0,-0.08933987,503,4.700886517719449,3267.891679426321,0.0011179447
776.2073040405936,1064.39224003669,318.6385192871094,1.0,-0.085638896,504,9.7020300052459,3277.593709431567,0.0037009716
769.479676873248,1058.6183621412074,319.1611328125,1.0,-0.07968749,505,9.667710665665624,3287.2614200972325,0.0059514046
762.8756243184179,1052.6825052087595,319.6668395996094,1.0,0.3485024,506,9.614881939063855,3296.8763020362962,0.42818987
756.2274386474415,1046.7756344517898,320.15618896484375,1.0,-0.08728604,507,4.6181045807410435,3301.4944066170374,0.43578845
749.5359379048522,1040.897928073674,320.62969970703125,1.0,-0.086264625,508,9.647021521211881,3311.1414281382495,0.001021415
742.8030129844351,1035.0482959732124,321.0878601074219,1.0,-0.08243884,509,9.66509941802513,3320.8065275562744,0.0038257837
736.0312072653627,1029.2248137899128,321.53118896484375,1.0,-0.07685329,510,9.640990002339969,3330.4475175586144,0.0055855513
729.3912460340958,1023.2336358849312,321.9601745605469,1.0,0.3613447,511,9.53533372069829,3339.982851279313,0.43819797
722.7088815540448,1017.2724535946712,322.37530517578125,1.0,-0.085757,512,4.649696172652014,3344.632547451965,0.4471017
715.984730882022,1011.3415636222528,322.7770080566406,1.0,-0.085170105,513,9.62320685122412,3354.255754303189,0.00058689713
709.2206134324956,1005.439859849545,323.16571044921875,1.0,-0.081485584,514,9.583756358865692,3363.8395106620546,0.0036845207
702.4191658168944,999.5652188105046,323.5418701171875,1.0,-0.07563718,515,9.612584809155013,3373.4520954712098,0.0058484077
695.6534293462973,993.6341359847993,323.9058532714844,1.0,0.111009866,516,9.541120896410064,3382.99321636762,0.18664704
688.8525068817468,987.7285002582116,324.258056640625,1.0,-0.07102178,517,4.558555437681088,3387.551771805301,0.18203165
682.0187900705951,981.8463199611252,324.5989074707031,1.0,-0.065688685,518,9.552837510044684,3397.104609315346,0.005333096
675.3050297622924,975.813869480078,324.9287414550781,1.0,0.32141966,519,9.529398820510146,3406.634008135856,0.38710833
668.5554088814372,969.808224911635,325.2478942871094,1.0,-0.07333724,520,9.487754673569691,3416.121762809426,0.3947569
661.7705009078047,963.8294909488931,325.5567321777344,1.0,-0.0726573,521,9.42829307727948,3425.5500558867056,0.00067994
654.951801945771,957.8766922772629,325.8556213378906,1.0,-0.069623604,522,4.437590982495665,3429.9876468692014,0.0030336976
648.1013196695638,951.9482135155204,326.14483642578125,1.0,-0.06524785,523,9.420980061478858,3439.4086269306804,0.004375756
641.2216300426355,946.0417117039283,326.4247131347656,1.0,-0.05936335,524,9.527129951768817,3448.9357568824494,0.0058844984
634.4805347515579,939.9662690276763,326.6955261230469,1.0,0.36252964,525,9.48140754114195,3458.417164423591,0.421893
627.7064473323084,933.9167005004027,326.95758056640625,1.0,-0.06846301,526,9.43269202334629,3467.8498564469373,0.43099266
620.899227396841,927.8938021848485,327.211181640625,1.0,-0.06946744,527,4.410895999192051,3472.2607524461296,0.0010044277
614.0595397702015,921.8974537632187,327.45660400390625,1.0,-0.06845905,528,9.37289742769623,3481.633649873826,0.0010083914
607.1995345504495,915.9143188118039,327.694091796875,1.0,-0.038537785,529,9.393483004134756,3491.027132877961,0.029921263
600.3356499736366,909.925920576459,327.92388916015625,1.0,0.0023377389,530,9.452582838458529,3500.4797157164194,0.040875524
593.4803825336836,903.9182830377775,328.1462707519531,1.0,0.03323777,531,9.418560083931228,3509.898275800351,0.030900031
586.6435543484789,897.880634605798,328.3614807128906,1.0,0.057185918,532,9.307427095027538,3519.205702895378,0.023948148
579.8328506632374,891.8048388018303,328.5697326660156,1.0,0.07549961,533,4.415686594753493,3523.6213894901316,0.018313691
573.0562367096588,885.6826901344479,328.7712707519531,1.0,0.09416528,534,9.368591396565314,3532.989980886697,0.018665671
566.3207340453214,879.5073205754386,328.96630859375,1.0,0.11012602,535,9.449550382845791,3542.439531269543,0.015960738
559.6329864375846,873.2725750741665,329.155029296875,1.0,0.12478016,536,9.401239601695528,3551.8407708712384,0.014654145
553.0557361335384,866.9140701345245,329.337646484375,1.0,0.27198273,537,9.320133610363404,3561.160904481602,0.14720257
546.5199087027797,860.5059807239855,329.5143737792969,1.0,0.105576485,538,9.308726437997283,3570.4696309195992,0.16640624
539.9384940270121,854.1378868850087,329.6853942871094,1.0,-0.0990022,539,4.3132553442090815,3574.7828862638085,0.20457868
533.3098253712983,847.8123346004423,329.85089111328125,1.0,-0.1037662,540,9.27198200827535,3584.0548682720837,0.0047640055
526.6443412055866,841.5191073569085,330.0110168457031,1.0,-0.079776466,541,9.272152079349038,3593.3270203514326,0.023989737
519.950325187963,835.2499385088903,330.1659851074219,1.0,-0.060573272,542,9.26371948229888,3602.5907398337313,0.019203193
513.2324352604297,829.000240518432,330.31597900390625,1.0,-0.049840115,543,9.25162444567791,3611.842364279409,0.010733157
506.49465205551195,822.7660565888914,330.46112060546875,1.0,-0.04063557,544,9.208068948212237,3621.0504332276214,0.009204544
499.74122578115816,816.5430635924133,330.6015625,1.0,-0.03071262,545,4.24964441754372,3625.300077645165,0.009922951
492.97367681332764,810.3298477664654,330.73748779296875,1.0,-0.027308136,546,9.239010154358423,3634.5390877995233,0.0034044832
486.2904764242678,804.0206692770386,330.8689880371094,1.0,0.20800395,547,9.226404910053562,3643.765492709577,0.23531209
479.3479365194341,797.9926487940969,330.9962463378906,1.0,-0.62258434,548,9.24850583797004,3653.013998547547,0.8305883
472.37310011346057,791.9967760494027,331.11944580078125,1.0,-0.073924795,549,9.269827659279697,3662.2838262068267,0.54865956
465.2838483758312,786.1314317202341,331.2386474609375,1.0,-0.28217667,550,9.293918325780767,3671.5777445326075,0.20825188
457.9878474268268,780.520094842085,331.35400390625,1.0,-0.5322159,551,4.585946057519323,3676.163690590127,0.25003922
450.506482487599,775.1530670230212,331.4656066894531,1.0,-0.49809182,552,10.194105967925351,3686.357796558052,0.034124076
443.60867656389553,770.3323271036617,302.9550476074219,-1.0,-0.19200619,553,9.738151875643352,3696.0959484336954,0.30608565
437.3032831383898,765.870228908949,278.08294677734375,-1.0,0.094606206,554,4.17244173015074,3700.268390163846,0.2866124
431.6437361114138,761.5593138232882,256.1178283691406,-1.0,0.5795634,555,9.01548103143935,3709.2838711952854,0.48495716
426.58552054377606,757.3668443258042,236.51300048828125,-1.0,0.69191027,556,3.652165843407094,3712.9360370386926,0.11234689
422.0314459525983,753.3398127585687,218.85092163085938,-1.0,0.54457724,557,2.8031566533730383,3715.739193692066,0.14733303
417.89911025888637,749.3355766298174,207.1489715576172,-0.69969153,0.78057647,558,7.962668705157812,3723.7018623972235,0.23599923
414.272663935172,745.4208374706615,192.1074676513672,-1.0,0.92547405,559,2.711202397534127,3726.4130647947577,0.14489758
411.0618449450031,741.5637516342548,180.6700439453125,-0.80983984,0.9064797,560,2.6042842137643984,3729.017349008522,0.018994331
408.22238336032837,737.780401018942,170.29287719726562,-0.7812363,0.857181,561,2.5304806153113977,3731.5478296238334,0.049298704
405.7299957953773,734.0549336713592,161.3631591796875,-0.705799,0.914462,562,-2.9075863111421545,3728.6402433126914,0.057280958
403.4366913955274,730.2878358949931,158.76885986328125,-0.15876535,0.71970224,563,2.366813301130203,3731.0070566138215,0.19475973
401.4467677580814,726.5883524127585,151.22560119628906,-0.6293113,0.88768023,564,2.2122061549479652,3733.2192627687696,0.16797799
399.7641586003778,722.9526352988266,144.22308349609375,-0.6080886,0.98665047,565,1.9892558579146815,3735.208518626684,0.098970234
398.36396135623465,719.3623742455052,138.73097229003906,-0.483399,1.0,566,1.696921114648658,3736.905439741333,0.013349533
397.114619421731,715.4794606645787,146.84237670898438,1.0,1.0,567,2.204363236784621,3739.1098029781174,0.0
396.0504485747278,711.3367480498933,153.9795684814453,0.9499508,1.0,568,2.6297988220944113,3741.739601800212,0.0
395.2058581246908,706.9924204354442,159.32395935058594,0.77816546,1.0,569,2.9597967240028464,3744.6993985242148,0.0
394.59813690241236,702.448709062836,165.03021240234375,0.85951155,1.0,570,3.3538044223055787,3748.0532029465203,0.0
394.2471737362418,697.7261420350329,170.4812469482422,0.8637382,1.0,571,3.5606130059584693,3751.613815952479,0.0
394.17068830101925,692.8292766888082,176.30865478515625,0.9531303,1.0,572,-1.2063439138066752,3750.4074720386725,0.0
394.3871721413344,687.7736279641374,182.17013549804688,1.0,1.0,573,8.980613126547125,3759.3880851652198,0.0
394.7457825260908,682.5709133189206,187.74212646484375,1.0,0.4463604,574,4.20147644184807,3763.589561607068,0.5536396
395.23217123089853,677.2305237775586,193.0497589111328,1.0,0.37766248,575,4.399664612980139,3767.9892262200483,0.06869793
395.81013454998094,671.7577801721761,198.11439514160156,1.0,0.24689631,576,4.586976929395476,3772.5762031494437,0.13076617
396.40865107463236,666.1520193101246,202.95437622070312,1.0,0.019672498,577,4.64063353096283,3777.2168366804067,0.22722381
396.8907459017571,660.4059392567293,207.58566284179688,1.0,-0.38794345,578,4.80435682457444,3782.021193504981,0.40761596
397.03169373156226,654.8527430720233,199.9794464111328,-0.45249507,-1.0,579,4.253808087152045,3786.2750015921333,0.61205655
396.852727660213,649.4193438357474,195.7084503173828,-0.22397074,-1.0,580,3.805202105255874,3790.080203697389,0.0
396.3624732388053,644.0601811861103,193.73544311523438,-0.054149844,-1.0,581,3.5269108555069613,3793.6071145528963,0.0
395.56331347531506,638.755439918383,193.1256103515625,0.10235276,-1.0,582,3.3568166707878304,3796.963931223684,0.0
394.4551692928079,633.5003361000075,193.34413146972656,0.23217049,-1.0,583,8.2331187180068,3805.1970499416907,0.0
393.0434190465479,628.3213300719273,193.24705505371094,0.18276855,-1.0,584,3.1225612574776465,3808.3196111991683,0.0
391.3242650874824,623.2094760987587,194.1549835205078,0.341934,-1.0,585,3.1463586507643924,3811.4659698499327,0.0
389.2876878653586,618.1506686575001,196.32110595703125,0.5458876,-1.0,586,3.2080396907982256,3814.674009540731,0.0
386.90128080611413,613.0956587520777,201.23988342285156,1.0,-1.0,587,3.383593019064771,3818.0576025597957,0.0
384.161273462461,608.0738530579406,205.9444580078125,1.0,-1.0,588,3.5652257651419403,3821.6228283249375,0.0
381.06610450608906,603.1146659346999,210.4495086669922,1.0,-1.0,589,3.7685986917096583,3825.391427016647,0.0
377.6164129274741,598.247416288888,214.76795959472656,1.0,-1.0,590,3.928835770824453,3829.3202627874716,0.0
373.82642573574043,593.5152456218428,218.260498046875,0.8852498,-1.0,591,8.905982401751483,3838.226245189223,0.0
369.6920782403995,588.9336625003913,222.16326904296875,0.9818224,-1.0,592,4.183145159780951,3842.409390349004,0.0
365.2268306374002,584.5203748185853,226.0144805908203,1.0,-0.9683504,593,4.345754180556407,3846.7551445295603,0.03164959
360.47591322764646,580.2605251480172,229.71705627441406,1.0,-0.8217135,594,4.349108839456829,3851.104253369017,0.1466369
355.53832595777703,576.064073249043,233.27882385253906,1.0,-0.4473083,595,9.273687083136478,3860.3779404521533,0.3744052
350.66804429589513,571.7155403358157,235.04824829101562,0.6823418,0.41144747,596,4.370465154628875,3864.7484056067824,0.85875577
346.14009592990396,567.3558641645163,226.28253173828125,-0.44231912,0.6375259,597,3.8297963008595532,3868.578201907642,0.22607845
342.146567223447,563.0837932945124,210.52725219726562,-0.9364532,0.89954126,598,2.8956619351615998,3871.4738638428034,0.26201534
338.6570872664817,558.885063213896,196.5408935546875,-0.9033574,1.0,599,7.000812946628371,3878.4746767894317,0.10045874
335.5933121258699,554.7273430211488,185.926513671875,-0.7234102,1.0,600,1.4768905051664283,3879.951567294598,0.0
332.74739466801844,550.3523938749267,187.88905334472656,0.47640893,1.0,601,1.5665953272347057,3881.5181626218327,0.0
330.1146384443077,545.737337518304,191.275390625,0.704685,1.0,602,1.7050263831224735,3883.223189004955,0.0
327.6939867190973,540.8530362039694,196.2444305419922,0.972372,1.0,603,1.8869658812805512,3885.1101548862357,0.0
325.50877188404763,535.7100667679043,201.16656494140625,1.0,1.0,604,2.0655207032918756,3887.1756755895276,0.0
323.58346246525844,530.3251751853254,205.87428283691406,1.0,1.0,605,2.239638091921796,3889.4153136814493,0.0
321.94106270099013,524.7167618549578,210.3822784423828,1.0,1.0,606,2.406838135066253,3891.8221518165155,0.0
320.60304153871596,518.9048067850182,214.70347595214844,1.0,1.0,607,7.650896855343988,3899.4730486718595,0.0
319.58925649888243,512.9107844977044,218.84939575195312,1.0,1.0,608,2.824054437797963,3902.2971031096577,0.0
318.9178759898572,506.7575710315268,222.8303680419922,1.0,1.0,609,3.03882830606452,3905.3359314157224,0.0
318.08239567773927,500.51726110794357,226.65565490722656,1.0,-0.41380233,610,3.122475871674067,3908.4584072873963,1.4138024
317.5928274702935,494.1378601578129,230.33370971679688,1.0,0.95494545,611,8.152820806930109,3916.6112280943266,1.3687477
317.0604165261567,487.6632637657654,233.8721923828125,1.0,-0.09196405,612,3.309127279121733,3919.9203553734483,1.0469095
316.34724928676746,481.1109007070307,237.2781524658203,1.0,-0.44332737,613,3.4603750821527446,3923.380730455601,0.3513633
315.4781868131387,474.4854880701719,240.5580291748047,1.0,-0.36904496,614,3.5718154697668556,3926.952545925368,0.07428241
314.7432016047881,467.75556496129593,243.71778869628906,1.0,0.36187315,615,8.644479001555045,3935.597024926923,0.7309181
313.8676622990086,460.95718539449183,246.76295471191406,1.0,-0.32174754,616,3.7900784637283773,3939.387103390651,0.6836207
313.13246081343374,454.0601853740021,249.6986846923828,1.0,0.3637758,617,8.673929123426396,3948.0610325140774,0.68552333
312.2666608439726,447.0991053901356,252.52978515625,1.0,-0.29081333,618,3.8490470397032595,3951.9100795537806,0.6545891
311.5584689963708,440.0439850697838,255.26071166992188,1.0,0.3916521,619,3.9016152087958793,3955.8116947625767,0.68246543
310.72302260024674,432.92909797596235,257.89569091796875,1.0,-0.27758634,620,8.905720462622657,3964.7174152251996,0.66923845
309.9877347031874,425.73215421962163,260.43865966796875,1.0,0.24774797,621,4.0202133742401145,3968.7376285994396,0.5253343
309.1308502473288,418.48000896878665,262.8933410644531,1.0,-0.25893193,622,9.060470527720273,3977.7980991271597,0.5066799
308.40431233657847,411.14749101988883,265.2632751464844,1.0,0.30811405,623,4.106688638390302,3981.90478776555,0.567046
307.55693161282096,403.76396323752897,267.5517883300781,1.0,-0.252779,624,9.017407402529763,3990.9221951680797,0.56089306
306.8003076511052,396.3088705364977,269.76202392578125,1.0,0.21338104,625,4.193029729114444,3995.1152248971944,0.46616006
305.9261154643797,388.80693860375334,271.8970031738281,1.0,-0.24104948,626,9.200326676607117,4004.3155515738013,0.45443052
305.1915871870859,381.23248343753096,273.95953369140625,1.0,0.31280863,627,4.283154833997224,4008.5987064077985,0.5538581
304.33843713623395,373.614766503297,275.95233154296875,1.0,-0.2398227,628,9.219129930658909,4017.8178363384573,0.5526313
303.55008521762056,365.93629756073767,277.87799072265625,1.0,0.14844134,629,4.286942064995545,4022.1047784034527,0.38826406
302.64974705695505,358.21810738940763,279.7389221191406,1.0,-0.22192584,630,9.337741411449159,4031.442519814902,0.37036717
301.91515802139253,350.43219802603096,281.5375061035156,1.0,0.35351706,631,4.366534517222746,4035.8090543321246,0.5754429
301.06834588439085,342.60911849507994,283.2760009765625,1.0,-0.2199863,632,9.376080953881624,4045.1851352860062,0.5735034
300.1630302591566,334.74560127052627,284.95654296875,1.0,-0.1084906,633,9.299505769004805,4054.4846410550113,0.1114957
299.42745410432667,326.81907032064817,286.5811767578125,1.0,0.35176218,634,4.429557454708922,4058.9141985097203,0.46025276
298.5853062535649,318.85927700167963,288.1518859863281,1.0,-0.20459141,635,9.434503161534174,4068.3487016712547,0.55635357
297.6463497699991,310.8678449377603,289.6705627441406,1.0,-0.18320443,636,4.450734264842872,4072.799435936098,0.021386981
296.85881937605785,302.81908644584064,291.1390075683594,1.0,0.30748028,637,9.437237041274704,4082.2366729773726,0.4906847
295.9785286484151,294.7402657666531,292.5589904785156,1.0,-0.17379917,638,9.374711077792481,4091.611384055165,0.48127943
295.1596464695119,286.61665286294476,293.93212890625,1.0,0.12729035,639,4.458889328817936,4096.0702733839835,0.30108953
294.25608567555463,278.4649070273421,295.2601013183594,1.0,-0.15630354,640,9.484675333210367,4105.554948717194,0.2835939
293.50640119060773,270.26174799699294,296.5444030761719,1.0,0.30260158,641,9.461442753067505,4115.016391470262,0.4589051
292.67075051961336,262.03221921491337,297.7864990234375,1.0,-0.15782334,642,4.516516723331442,4119.532908193593,0.4604249
291.7563323565689,253.77749315636552,298.9878845214844,1.0,-0.14299335,643,9.4837653140182,4129.016673507612,0.014829993
291.004927833129,245.47392451039596,300.14990234375,1.0,0.3140024,644,9.432414650464391,4138.449088158076,0.45699573
290.17440606516305,237.1465190115506,301.27386474609375,1.0,-0.14300914,645,4.510354897306713,4142.9594430553825,0.45701152
289.2705046918046,228.79638027568427,302.3611145019531,1.0,-0.13135542,646,9.514240969036836,4152.4736840244195,0.011653721
288.4278930472197,220.41047375981364,303.41278076171875,1.0,0.1196668,647,9.512051688532503,4161.985735712952,0.25102222
287.51946915082414,212.00301677376638,304.43011474609375,1.0,-0.11642338,648,4.559077995799873,4166.544813708752,0.23609018
286.682350297533,203.56068945675287,305.41424560546875,1.0,0.1365874,649,9.577771448001732,4176.122585156754,0.25301078
285.7844539594297,195.09801482789013,306.3663024902344,1.0,-0.10653062,650,9.620475049429437,4185.743060206184,0.24311802
284.8415141196523,186.61449700608298,307.2873840332031,1.0,-0.07726641,651,4.635215022248054,4190.378275228432,0.029264212
284.1013674998738,178.08604165247178,308.1784362792969,1.0,0.37310612,652,9.550213465889374,4199.9284886943215,0.45037252
283.30334224238845,169.5387567589218,309.0404968261719,1.0,-0.100823894,653,9.544957285580125,4209.473445979902,0.47393
282.44992526837297,160.97354262190166,309.87451171875,1.0,-0.09586586,654,9.54303450921253,4219.016480489115,0.0049580336
281.5444229219799,152.39113913159625,310.6814270019531,1.0,-0.0895067,655,4.597845284319109,4223.614325773434,0.00635916
280.59085190062615,143.79212400834191,311.4621276855469,1.0,-0.08195256,656,9.599927037899295,4233.214252811333,0.0075541437
279.84227337163276,135.15178346360915,312.21746826171875,1.0,0.36934233,657,9.548100747839952,4242.762353559173,0.4512949
279.042193403772,126.49567274652104,312.9482727050781,1.0,-0.08826102,658,4.545293697860566,4247.307647257034,0.45760334
278.19173123954005,117.82463172412282,313.65533447265625,1.0,-0.08594109,659,9.528752401051943,4256.836399658086,0.002319932
277.29320155731665,109.13933416179249,314.3394775390625,1.0,-0.08154805,660,9.517396531471222,4266.353796189557,0.004393041
276.3498834186693,100.44029121829719,315.0014343261719,1.0,-0.07550557,661,9.527969110418972,4275.881765299976,0.0060424805
275.5223044251925,91.71160466517146,315.64190673828125,1.0,0.20639692,662,4.529328979255462,4280.411094279231,0.2819025
274.6500195158619,82.96997304931661,316.2615966796875,1.0,-0.075326964,663,9.539287032804335,4289.9503813120355,0.2817239
273.73497562053547,74.21596707946102,316.8612060546875,1.0,-0.071708634,664,9.539785724821352,4299.490167036857,0.0036183298
272.7799258095887,65.4500239620671,317.4413757324219,1.0,-0.06672178,665,9.524118277827458,4309.0142853146845,0.0049868524
271.9869276402248,56.652280244327116,318.0027770996094,1.0,0.2840796,666,9.502887593382031,4318.517172908067,0.3508014
271.15156165031215,47.84330124604,318.5459899902344,1.0,-0.07093106,667,4.530992327425244,4323.048165235492,0.3550107
270.274588490029,39.02369400559039,319.0716247558594,1.0,-0.06943731,668,9.544012806291972,4332.592178041784,0.001493752
269.35773606677844,30.193939207211663,319.5802307128906,1.0,-0.066296145,669,9.556457564389449,4342.148635606173,0.0031411648
268.4035441427477,21.354390887056894,320.0723876953125,1.0,-0.061784208,670,9.553708999775898,4351.702344605949,0.0045119375
267.568357754959,12.489518504761582,320.5486145019531,1.0,0.2065414,671,4.566584061299952,4356.268928667249,0.26832563
266.69505361373245,3.6154576700194454,321.0094299316406,1.0,-0.06315413,672,9.569977245121542,4365.838905912371,0.26969552
265.78481478766366,-5.267342451009098,321.4553527832031,1.0,-0.061009184,673,9.555621302116556,4375.394527214487,0.0021449476
264.83973465889244,-14.158555774170939,321.8868103027344,1.0,-0.057329193,674,9.537606606332789,4384.93213382082,0.0036799908
263.93008111971756,-23.065121313095744,322.3043212890625,1.0,0.062380955,675,9.513214186829023,4394.445348007649,0.11971015
262.9884864401958,-31.979652065747366,322.7083435058594,1.0,-0.052323595,676,4.533666636367137,4398.979014644016,0.11470455
262.0593436238868,-40.90640715799137,323.0992736816406,1.0,0.023051828,677,9.55812891813711,4408.537143562154,0.07537542
261.10170094025614,-49.84071916908566,323.47760009765625,1.0,-0.046412215,678,9.555958976326579,4418.093102538481,0.06946404
260.29118685808817,-58.79978803846788,323.8436584472656,1.0,0.25035334,679,9.545015367159042,4427.63811790564,0.29676557
259.45006977673705,-67.7659190615996,324.1979064941406,1.0,-0.05008325,680,9.533022994479099,4437.171140900119,0.3004366
258.5782181914517,-76.73868093463932,324.54071044921875,1.0,-0.05023755,681,4.547370021025639,4441.718510921145,0.00015430152
257.676189294091,-85.71771953204974,324.8724060058594,1.0,-0.049238354,682,9.54067580193856,4451.259186723084,0.0009991974
256.7450683317901,-94.70275195290046,325.1933898925781,1.0,-0.04735966,683,9.527697496800227,4460.786884219884,0.0018786937
255.78669738535538,-103.69359559563017,325.5039978027344,1.0,-0.04422082,684,9.505410514837447,4470.2922947347215,0.0031388402
254.9378449692307,-112.70382561424317,325.8045654296875,1.0,0.18486427,685,9.500795367924008,4479.793090102646,0.22908509
254.0611385535514,-121.71950573683263,326.0954284667969,1.0,-0.045290723,686,4.5189877155669995,4484.312077818213,0.23015499
253.15718998632073,-130.74035283144264,326.37689208984375,1.0,-0.044226214,687,9.537513054880192,4493.849590873093,0.0010645092
252.22748404666103,-139.76618759499564,326.6492614746094,1.0,-0.04171124,688,9.55657936250131,4503.406170235594,0.0025149733
251.2737343033634,-148.79687492904782,326.9128112792969,1.0,-0.03882402,689,9.550117528490423,4512.956287764085,0.0028872192
250.29961824058853,-157.83251350562557,327.1678466796875,1.0,-0.03267525,690,9.528779714373366,4522.485067478458,0.0061487705
249.52924825621017,-166.8946792511711,327.4146423339844,1.0,0.33976996,691,4.533867735290173,4527.018935213749,0.37244523
248.792819912236,-175.9663223780994,327.6534729003906,1.0,0.057202533,692,9.517415836100843,4536.536351049849,0.28256744
248.1124159831125,-185.0487771815723,327.88458251953125,1.0,0.093606725,693,9.510036864637144,4546.046387914486,0.036404192
247.51716935911753,-194.14343560470462,328.10821533203125,1.0,0.14151838,694,9.52440522390433,4555.57079313839,0.04791166
247.0737955968662,-203.25278100901093,328.32464599609375,1.0,0.25121498,695,9.545706610229185,4565.116499748619,0.1096966
246.8278418324579,-212.3754137926564,328.53411865234375,1.0,0.32557398,696,9.570359819079462,4574.686859567699,0.074359
246.5430083262014,-221.50254781306512,328.7367858886719,1.0,-0.063700065,697,4.58107320990529,4579.267932777604,0.38927406
246.1842706159384,-230.63252834194589,328.93292236328125,1.0,-0.12119515,698,9.637177301876743,4588.90511007948,0.057495087
245.7394277376198,-239.76399695286918,329.1227111816406,1.0,-0.14111663,699,9.664948697965484,4598.570058777446,0.019921482
245.2207471345082,-248.89667891911878,329.3063659667969,1.0,-0.120846406,700,9.68991574279506,4608.2599745202415,0.020270228
244.65294012558329,-258.03138480738664,329.4841003417969,1.0,-0.08018005,701,9.70828326605388,4617.968257786295,0.040666357
244.04907495899656,-267.1685660093839,329.6560974121094,1.0,-0.05867316,702,9.712562792333765,4627.680820578629,0.02150689
243.41591908190054,-276.30839875995963,329.8225402832031,1.0,-0.04753153,703,4.740467833683053,4632.421288412313,0.011141628
242.75623896718804,-285.4508403857379,329.98358154296875,1.0,-0.042965814,704,9.76778910676118,4642.189077519074,0.004565716
242.06850172099348,-294.5955565802307,330.13946533203125,1.0,-0.045451865,705,9.798229813440301,4651.987307332514,0.0024860501
241.3509348525027,-303.7421827338898,330.290283203125,1.0,-0.048329875,706,9.821657655090137,4661.808964987605,0.0028780103
240.61078255809696,-312.89107681653775,330.4362487792969,1.0,-0.036447212,707,9.827043940098534,4671.636008927703,0.011882663
239.8489683472356,-322.04213024858075,330.5775146484375,1.0,-0.03492132,708,9.847003275315837,4681.483012203019,0.0015258938
239.07310346717935,-331.1958136318111,330.7142028808594,1.0,-0.02246137,709,4.858625522682822,4686.341637725702,0.012459949
238.25515983833517,-340.3495215983907,330.8464660644531,1.0,-0.068279244,710,9.830118305179116,4696.171756030881,0.045817874
237.41493948022858,-349.5047819092187,330.9744567871094,1.0,-0.03588911,711,9.919677177089804,4706.09143320797,0.032390133
236.55340808412095,-358.66151744953237,331.09832763671875,1.0,-0.034302384,712,9.953768827227709,4716.045202035198,0.0015867278
235.6732212167657,-367.8198237288482,331.21820068359375,1.0,-0.029958002,713,10.228859503416638,4726.274061538615,0.0043443814
234.7905683974753,-376.98113060006455,331.334228515625,1.0,-0.0035222769,714,11.068125835179654,4737.342187373794,0.026435725
233.95866423069606,-386.0499939808256,327.8498229980469,0.021633215,0.06875111,715,6.24418775865083,4743.586375132445,0.07227339
233.1323419834405,-394.4221194768984,302.8609924316406,-0.87603533,-0.107575856,716,10.458299575078916,4754.044674707524,0.17632696
232.14244420642794,-402.080640833185,278.00030517578125,-1.0,-0.48555398,717,9.615864484955765,4763.6605391924795,0.37797812
230.80540794807337,-409.0661815249105,256.0444030761719,-1.0,-1.0,718,3.6981332613451303,4767.3586724538245,0.514446
229.1821006341018,-415.4603888995972,237.49365234375,-0.94002056,-1.0,719,3.091485608632847,4770.450158062457,0.0
227.29756789610772,-421.3938660024893,224.12020874023438,-0.7243718,-1.0,720,7.881616126834815,4778.331774189292,0.0
225.20110680429585,-426.86317066832885,210.86427307128906,-0.7806816,-1.0,721,2.4881878583760813,4780.819962047669,0.0
222.9049629282444,-431.9450432971021,200.75514221191406,-0.62210476,-1.0,722,2.24110915447236,4783.061071202142,0.0
220.40484154864168,-436.71613149885394,193.912353515625,-0.41752478,-1.0,723,2.2228996532675334,4785.283970855409,0.0
217.7063974934229,-441.2076707814321,188.63287353515625,-0.31639525,-1.0,724,2.299842503425119,4787.583813358834,0.0
214.7881933068648,-445.4792274403977,186.235595703125,-0.0974705,-1.0,725,2.427343780738505,4790.011157139573,0.0
211.65399775332378,-449.5367305486475,184.57334899902344,-0.040904917,-1.0,726,2.548281858504386,4792.559438998077,0.0
208.3069412280356,-453.38309372043227,183.55516052246094,0.018835507,-1.0,727,2.5776040550232295,4795.137043053101,0.0
204.75417392338684,-457.0141830879005,182.8820037841797,0.06891956,-1.0,728,2.6637428017230866,4797.8007858548235,0.0
201.00725394265896,-460.4209934476274,182.3099365234375,0.08266058,-1.0,729,2.712344492768579,4800.513130347592,0.0
197.08134154945728,-463.59228087016317,181.68359375,0.07327934,-1.0,730,2.8314483993193105,4803.344578746911,0.0
192.99280104741288,-466.51750115342475,180.98040771484375,0.06047692,-1.0,731,2.8919875219660507,4806.236566268877,0.0
188.75698454545278,-469.1883858206001,180.27255249023438,0.05833807,-1.0,732,2.9960016354341423,4809.2325679043115,0.0
184.38782039349422,-471.5986415595076,179.63577270507812,0.06741723,-1.0,733,2.974447011363361,4812.207014915675,0.0
179.8790219301308,-473.75248807289023,179.8859100341797,0.19690052,-1.0,734,3.010303776381446,4815.217318692056,0.0
175.26086815614275,-475.63558050436427,179.54359436035156,0.11010399,-1.0,735,3.030633008829144,4818.247951700885,0.0
170.52469453752568,-477.25107161467844,180.14808654785156,0.24887523,-1.0,736,3.0983601968653254,4821.346311897751,0.0
165.700606906767,-478.58755947224086,180.20875549316406,0.17031261,-1.0,737,3.059541716534735,4824.405853614286,0.0
160.7960255703256,-479.6422723753267,180.60140991210938,0.21959016,-1.0,738,3.0419458611369796,4827.4477994754225,0.0
155.81470818621634,-480.4124260275485,181.45806884765625,0.28953937,-1.0,739,3.0246850609293716,4830.472484536352,0.0
150.75498639288364,-480.89453686932256,182.97499084472656,0.39075437,-1.0,740,3.025417545453845,4833.4979020818055,0.0
145.61068608172792,-481.08310199497157,185.31918334960938,0.520946,-1.0,741,3.102241722471771,4836.600143804278,0.0
140.3686530532562,-480.96942963800166,188.75755310058594,0.69829607,-1.0,742,3.2250168780649284,4839.825160682342,0.0
135.0162577220345,-480.5404238578702,193.30418395996094,0.8893715,-1.0,743,3.3440054136942865,4843.169166096037,0.0
129.558937991075,-479.780849316955,198.35736083984375,1.0,-1.0,744,3.4589155716960085,4846.628081667733,0.0
124.0236540004,-478.6780254033788,203.1867218017578,1.0,-1.0,745,3.6055732215799594,4850.233654889313,0.0
118.43801484345558,-477.22138928241503,207.80812072753906,1.0,-1.0,746,8.639298333239369,4858.8729532225525,0.0
112.83018279726689,-475.40251393110157,212.23545837402344,1.0,-1.0,747,3.8845060774239517,4862.757459299976,0.0
107.22876641006636,-473.2151267818865,216.48104858398438,1.0,-1.0,748,4.019182905830157,4866.776642205807,0.0
101.66270493399597,-470.65512658882704,220.55587768554688,1.0,-1.0,749,4.145425312245149,4870.922067518051,0.0
96.16114561747428,-467.7205966841415,224.4698028564453,1.0,-1.0,750,4.21629725102259,4875.138364769074,0.0
90.753314791216,-464.4118130107727,228.23171997070312,1.0,-1.0,751,9.329698328791215,4884.468063097865,0.0
85.41444569002485,-460.80992962179664,231.84974670410156,1.0,-0.7500596,752,4.582723374004943,4889.050786471869,0.2499404
80.12667982088975,-456.96654109233424,235.33126831054688,1.0,-0.58946455,753,4.6605818137468376,4893.711368285616,0.16059506
74.89247914617835,-452.8970006944534,238.6830291748047,1.0,-0.54318196,754,9.675967908348145,4903.387336193964,0.04628259
69.72290242598487,-448.6039098686589,241.9113006591797,1.0,-0.5387035,755,4.877856889392868,4908.265193083357,0.0044784546
64.6295742182829,-444.0892823384806,245.02186584472656,1.0,-0.5376858,756,4.895562862575588,4913.160755945933,0.0010176897
59.630654827269865,-439.3484728430956,248.0200653076172,1.0,-0.5604592,757,9.86366873442574,4923.024424680359,0.022773385
54.740224646540774,-434.38248204540514,250.910888671875,1.0,-0.5670927,758,5.05040000498557,4928.0748246853445,0.00663352
49.97410347697951,-429.1914281502769,253.69900512695312,1.0,-0.5791106,759,5.006369725925836,4933.08119441127,0.012017906
45.354430054073475,-423.7710745691297,256.3887939453125,1.0,-0.6095925,760,10.018744009393876,4943.099938420664,0.030481875
40.91015241069219,-418.11402960643943,258.98431396484375,1.0,-0.6568935,761,5.088504184820837,4948.188442605485,0.047300994
36.65534227991195,-412.22705996866085,261.48944091796875,1.0,-0.65787077,762,10.143697257376944,4958.332139862861,0.0009772778
32.60858783545672,-406.1144498514154,263.9078063964844,1.0,-0.67189634,763,5.214698485472072,4963.546838348333,0.014025569
28.779996021574796,-399.7869462900976,266.24285888671875,1.0,-0.6636473,764,10.146476991185894,4973.693315339519,0.008249044
25.18049371505805,-393.2547627758316,268.4978332519531,1.0,-0.6594621,765,5.235311149297492,4978.928626488817,0.0041851997
21.80930391458328,-386.5341204909193,270.67584228515625,1.0,-0.62860024,766,10.258329111071983,4989.186955599889,0.030861855
18.662483689974476,-379.6412452824862,272.77978515625,1.0,-0.5940696,767,5.2993394856864615,4994.486295085576,0.03453064
15.7339018996481,-372.59167354818675,274.81243896484375,1.0,-0.5582033,768,10.26089857001115,5004.747193655587,0.03586632
13.014599276214161,-365.40040452809484,276.7764587402344,1.0,-0.51938564,769,5.304945037153101,5010.052138692739,0.038817644
10.492918818056737,-358.0816948823553,278.67437744140625,1.0,-0.47783446,770,10.402919724556302,5020.455058417296,0.041551173
8.170547910720583,-350.64392719748116,280.50860595703125,1.0,-0.4680525,771,5.382944026857425,5025.838002444153,0.009781957
6.049848581823639,-343.0950004264524,282.2814636230469,1.0,-0.46083027,772,10.430665858665854,5036.268668302819,0.007222235
4.12968787923198,-335.44350226122083,283.9951477050781,1.0,-0.44726074,773,10.399581912255277,5046.668250215074,0.013569534
2.4072623579019314,-327.6979329060698,285.6517639160156,1.0,-0.43141687,774,5.439284260958996,5052.107534476033,0.015843868
0.8857791014306966,-319.8650758007629,287.2532958984375,1.0,-0.42894363,775,10.46628916105407,5062.573823637087,0.0024732351
-0.43589766806341634,-311.9524283474074,288.8017272949219,1.0,-0.41836852,776,5.428922460925792,5068.002746098013,0.010575116
-1.5633318030214676,-303.96777354542184,290.2989196777344,1.0,-0.3998559,777,10.45027180571354,5078.4530179037265,0.018512607
-2.5096064813904495,-295.9191366132523,291.7466125488281,1.0,-0.3675819,778,10.300276744440344,5088.753294648167,0.032274008
-3.303204098380255,-287.81494055295997,293.14654541015625,1.0,-0.30657393,779,5.365839333265753,5094.119133981433,0.061007977
-3.97488197651443,-279.66199602601216,294.5003662109375,1.0,-0.24290404,780,10.292782697455104,5104.411916678889,0.06366989
-4.555332814468866,-271.4655892194138,295.80963134765625,1.0,-0.18089668,781,5.272500804854105,5109.684417483742,0.062007353
-5.07157208675319,-263.2296452120724,297.07586669921875,1.0,-0.12720865,782,10.299778889744282,5119.984196373487,0.053688034
-5.549938630941154,-254.95733815198085,298.3005676269531,1.0,-0.07582241,783,10.285969440766621,5130.270165814254,0.051386237
-6.004578079131271,-246.65073982374972,299.485107421875,1.0,-0.048294306,784,5.271843889336808,5135.542009703591,0.027528107
-6.4335618118787705,-238.310909198683,300.6308288574219,1.0,-0.051340364,785,10.314253093860692,5145.856262797452,0.0030460581
-6.82472049248947,-229.93840145446515,301.7390441894531,1.0,-0.07345231,786,10.316885680439302,5156.173148477891,0.022111945
-7.183783275297574,-221.53465106033582,302.81103515625,1.0,-0.06209042,787,5.293376884907766,5161.466525362799,0.01136189
-7.500834090526064,-213.10038520769527,303.8480224609375,1.0,-0.07977663,788,10.375993941086673,5171.842519303886,0.01768621
-7.782932893749542,-204.63699737583028,304.8511657714844,1.0,-0.06609176,789,10.375468627039146,5182.217987930925,0.013684869
-8.03273392403999,-196.14562664790142,305.82159423828125,1.0,-0.060661845,790,5.273044243422042,5187.491032174347,0.005429916
-8.255776001938303,-187.6274246788856,306.7603759765625,1.0,-0.050075486,791,10.296032100813093,5197.78706427516,0.010586359
-8.448438997014833,-179.08324716608143,307.6685791015625,1.0,-0.05622424,792,10.282223165238873,5208.069287440399,0.0061487556
-8.614840663558883,-170.51410596633602,308.5472412109375,1.0,-0.048364155,793,10.196978770873788,5218.266266211273,0.007860087
-8.754456204253076,-161.92087039205768,309.3973083496094,1.0,-0.048948575,794,5.2237638854680215,5223.490030096741,0.0005844198
-8.863364148134147,-153.30434400476017,310.2197265625,1.0,-0.055621404,795,10.187278542875589,5233.677308639617,0.0066728294
-8.935646096300882,-144.66532940543118,311.0154113769531,1.0,-0.0658029,796,10.131097638367224,5243.808406277984,0.010181498
-8.967321399429338,-136.00468600176544,311.7852478027344,1.0,-0.072459996,797,10.061933559722885,5253.870339837707,0.0066570938
-8.954610399364446,-127.32330475687834,312.5300598144531,1.0,-0.078718536,798,5.114847936087487,5258.985187773795,0.00625854
-8.8904504386246,-118.6221329160629,313.2507019042969,1.0,-0.09073512,799,10.105766531267525,5269.090954305062,0.012016587
-8.779321126302232,-109.90206413229339,313.9479675292969,1.0,-0.082368,800,10.073426772531889,5279.164381077594,0.008367121
-8.616853308267462,-101.16405719103699,314.62261962890625,1.0,-0.08961179,801,5.077796778149153,5284.242177855744,0.0072437897
-8.408456193219786,-92.40888816035796,315.2753601074219,1.0,-0.07972162,802,10.079218756340955,5294.321396612085,0.009890169
-8.155032553803705,-83.63735434766203,315.906982421875,1.0,-0.077785514,803,10.069269437177589,5304.390666049262,0.0019361079
-7.8484194469024136,-74.85053294058137,316.5180969238281,1.0,-0.091649465,804,10.02140430088983,5314.412070350152,0.013863951
-7.48847887202402,-66.0492954384246,317.1094055175781,1.0,-0.09151613,805,9.99137818823491,5324.403448538387,0.00013333559
-7.072061278458567,-57.23463857779727,317.6815490722656,1.0,-0.09661728,806,5.005462939411863,5329.408911477799,0.0051011518
-6.611692363919871,-48.40676863901233,318.23516845703125,1.0,-0.074637815,807,9.99318846155134,5339.402099939351,0.021979466
-6.107879296346864,-39.56636746196091,318.7708435058594,1.0,-0.07351504,808,9.980104181628537,5349.382204120979,0.0011227727
-5.565873106417525,-30.71380032785656,319.2891845703125,1.0,-0.064255536,809,9.994004580048154,5359.376208701027,0.009259507
-4.987947275610524,-21.849543821696706,319.7907409667969,1.0,-0.060168322,810,5.022407973507761,5364.398616674535,0.0040872134
-4.3826280826922694,-12.973602454119497,320.2760925292969,1.0,-0.045404617,811,10.01902285563039,5374.417639530166,0.014763705
-3.7420886910253306,-4.08705393533352,320.7457275390625,1.0,-0.058676537,812,10.024770926920027,5384.442410457085,0.01327192
-3.0957991137542296,4.8117347940628505,321.2001647949219,1.0,-0.008260548,813,1000.0,6384.442410457085,0.05041599
