Time,Speed,Throttle,Brake,Next_Speed,Delta_Speed
0.0,315.825,100.0,0.0,316.762498944,0.9374989440000263
0.1,316.762498944,100.0,0.0,317.699999744,0.9375008000000093
0.2,317.699999744,100.0,0.0,318.37777724049386,0.6777774964938317
0.30000000000000004,318.37777724049386,100.0,0.0,318.9333322666667,0.5555550261728399
0.4,318.9333322666667,100.0,0.0,319.48888782222224,0.5555555555555429
0.5,319.48888782222224,100.0,0.0,320.02499998254547,0.5361121603232277
0.6000000000000001,320.02499998254547,100.0,0.0,320.33749976436366,0.3124997818181896
0.7000000000000001,320.33749976436366,100.0,0.0,320.6499995461818,0.31249978181813276
0.8,320.6499995461818,100.0,0.0,320.96249984,0.31250029381823197
0.9,320.96249984,100.0,0.0,321.275,0.3125001599999564
1.0,321.275,100.0,0.0,321.5875,0.3125
1.1,321.5875,100.0,0.0,321.9,0.3125
1.2000000000000002,321.9,100.0,0.0,322.84999999999997,0.9499999999999886
1.3,322.84999999999997,100.0,0.0,324.1,1.2500000000000568
1.4000000000000001,324.1,100.0,0.0,325.35,1.25
1.5,325.35,100.0,0.0,326.14999983542856,0.7999998354285367
1.6,326.14999983542856,100.0,0.0,326.4624994925714,0.3124996571428369
1.7000000000000002,326.4624994925714,100.0,0.0,326.77499925544555,0.31249976287415393
1.8,326.77499925544555,100.0,0.0,327.116666540113,0.34166728466743734
1.9000000000000001,327.116666540113,100.0,0.0,327.53333275480225,0.4166662146892577
2.0,327.53333275480225,100.0,0.0,327.9499989694915,0.4166662146892577
2.1,327.9499989694915,100.0,0.0,329.1,1.1500010305085198
2.2,329.1,100.0,0.0,330.11666657134754,1.016666571347514
2.3000000000000003,330.11666657134754,100.0,0.0,330.53333289758865,0.41666632624111344
2.4000000000000004,330.53333289758865,100.0,0.0,330.9499992238298,0.4166663262411703
2.5,330.9499992238298,100.0,0.0,331.3674322975929,0.4174330737631067
2.6,331.3674322975929,100.0,0.0,331.784968999403,0.41753670181009284
2.7,331.784968999403,100.0,0.0,332.2025057012131,0.41753670181009284
2.8000000000000003,332.2025057012131,100.0,0.0,332.62004240302326,0.4175367018101497
2.9000000000000004,332.62004240302326,100.0,0.0,333.0281249935018,0.408082590478557
3.0,333.0281249935018,100.0,0.0,333.34062492129965,0.3124999277978304
3.1,333.34062492129965,100.0,0.0,333.6531248490975,0.3124999277978304
3.2,333.6531248490975,100.0,0.0,333.9656249488372,0.31250009973973647
3.3000000000000003,333.9656249488372,100.0,0.0,334.5527950310559,0.5871700822186767
3.4000000000000004,334.5527950310559,100.0,0.0,335.0,0.44720496894410644
3.5,335.0,100.0,0.0,335.0,0.0
3.6,335.0,100.0,0.0,335.56666541609195,0.5666654160919506
3.7,335.56666541609195,100.0,0.0,336.39999876129036,0.8333333451984117
3.8000000000000003,336.39999876129036,100.0,0.0,337.0,0.6000012387096376
3.9000000000000004,337.0,100.0,0.0,337.0,0.0
4.0,337.0,100.0,0.0,337.0,0.0
4.1000000000000005,337.0,100.0,0.0,337.0,0.0
4.2,337.0,100.0,0.0,337.23333333333335,0.2333333333333485
4.3,337.23333333333335,100.0,0.0,338.06666666666666,0.8333333333333144
4.4,338.06666666666666,100.0,0.0,338.9,0.8333333333333144
4.5,338.9,100.0,0.0,339.44,0.5400000000000205
4.6000000000000005,339.44,100.0,0.0,339.94,0.5
4.7,339.94,100.0,0.0,340.0,0.060000000000002274
4.800000000000001,340.0,100.0,0.0,340.0999996631579,0.09999966315791653
4.9,340.0999996631579,100.0,0.0,340.45714220698414,0.3571425438262281
5.0,340.45714220698414,100.0,0.0,340.8142855720635,0.3571433650793665
5.1000000000000005,340.8142855720635,100.0,0.0,341.0,0.18571442793648885
5.2,341.0,100.0,0.0,341.0,0.0
5.300000000000001,341.0,100.0,0.0,341.0,0.0
5.4,341.0,100.0,0.0,341.0,0.0
5.5,341.0,100.0,0.0,341.04,0.040000000000020464
5.6000000000000005,341.04,100.0,0.0,341.54,0.5
5.7,341.54,100.0,0.0,342.02222222222224,0.48222222222221944
5.800000000000001,342.02222222222224,100.0,0.0,342.3,0.27777777777777146
5.9,342.3,100.0,0.0,342.5777777777778,0.27777777777777146
6.0,342.5777777777778,100.0,0.0,342.85555555555555,0.27777777777777146
6.1000000000000005,342.85555555555555,100.0,0.0,343.0,0.1444444444444457
6.2,343.0,100.0,0.0,343.0,0.0
6.300000000000001,343.0,100.0,0.0,343.0,0.0
6.4,343.0,100.0,0.0,343.0,0.0
6.5,343.0,100.0,0.0,343.0,0.0
6.6000000000000005,343.0,100.0,0.0,343.0,0.0
6.7,343.0,100.0,0.0,343.0,0.0
6.800000000000001,343.0,100.0,0.0,343.0,0.0
6.9,343.0,100.0,0.0,342.82857158166115,-0.1714284183388486
7.0,342.82857158166115,100.0,0.0,342.47142904345515,-0.3571425382060056
7.1000000000000005,342.47142904345515,100.0,0.0,342.11428605186813,-0.35714299158701124
7.2,342.11428605186813,100.0,0.0,342.0,-0.11428605186813456
7.300000000000001,342.0,100.0,0.0,342.0,0.0
7.4,342.0,100.0,0.0,342.0,0.0
7.5,342.0,100.0,0.0,342.0,0.0
7.6000000000000005,342.0,100.0,0.0,342.0,0.0
7.7,342.0,100.0,0.0,342.0,0.0
7.800000000000001,342.0,100.0,0.0,342.0,0.0
7.9,342.0,100.0,0.0,341.78000048,-0.21999951999998757
8.0,341.78000048,90.1000216,0.0,341.53000048,-0.25
8.1,341.53000048,78.85002160000003,0.0,341.28000048,-0.25
8.200000000000001,341.28000048,67.60002159999988,0.0,341.0300000886154,-0.25000039138461716
8.3,341.0300000886154,56.35000398769217,0.8153846153846342,331.76,-9.270000088615404
8.4,331.76,30.799999999999915,1.0,321.26000000000005,-10.499999999999943
8.5,321.26000000000005,3.3000000000001233,1.0,305.9750114587235,-15.284988541276562
8.6,305.9750114587235,0.0,1.0,290.03752447999983,-15.937486978723655
8.700000000000001,290.03752447999983,0.0,1.0,274.10001151999995,-15.937512959999879
8.8,274.10001151999995,0.0,1.0,255.68333333333334,-18.416678186666616
8.9,255.68333333333334,0.0,1.0,236.09999999999997,-19.58333333333337
9.0,236.09999999999997,0.0,1.0,218.0000027927272,-18.099997207272764
9.1,218.0000027927272,0.0,1.0,203.71429848103872,-14.285704311688477
9.200000000000001,203.71429848103872,0.0,1.0,189.42859416935048,-14.28570431168825
9.3,189.42859416935048,0.0,1.0,177.2,-12.228594169350487
9.4,177.2,0.0,1.0,167.2,-10.0
9.5,167.2,0.0,1.0,158.6573798279022,-8.542620172097799
9.600000000000001,158.6573798279022,0.0,1.0,151.6935878026987,-6.963792025203503
9.700000000000001,151.6935878026987,0.0,1.0,144.72979577749518,-6.963792025203503
9.8,144.72979577749518,0.0,1.0,137.76601569485692,-6.963780082638266
9.9,137.76601569485692,0.0,1.0,132.11720028489827,-5.648815409958644
10.0,132.11720028489827,0.0,1.0,126.63092330409651,-5.486276980801762
10.100000000000001,126.63092330409651,0.0,1.0,121.14464632329484,-5.4862769808016765
10.200000000000001,121.14464632329484,0.0,1.0,115.6583576299135,-5.48628869338134
10.3,115.6583576299135,0.0,1.0,110.04999999999995,-5.608357629913542
10.4,110.04999999999995,0.0,1.0,105.0375,-5.01249999999996
10.5,105.0375,0.0,1.0,101.60000351999997,-3.4374964800000214
10.600000000000001,101.60000351999997,0.0,1.0,98.16250840888887,-3.4374951111111045
10.700000000000001,98.16250840888887,0.0,1.0,94.79999999999998,-3.3625084088888855
10.8,94.79999999999998,0.0,1.0,92.29999999999998,-2.5
10.9,92.29999999999998,0.0,1.0,90.04000211862069,-2.2599978813792916
11.0,90.04000211862069,0.0,1.0,88.04000316952377,-1.9999989490969199
11.100000000000001,88.04000316952377,0.0,0.619047619047596,86.1272727272727,-1.9127304422510747
11.200000000000001,86.1272727272727,0.2181818181818248,0.0,84.3090909090909,-1.8181818181817988
11.3,84.3090909090909,0.6727272727272747,0.0,82.4909090909091,-1.8181818181817988
11.4,82.4909090909091,1.1272727272727272,0.0,80.67272727272729,-1.818181818181813
11.5,80.67272727272729,1.5818181818181798,0.0,78.96,-1.7127272727272924
11.600000000000001,78.96,2.480000000000061,0.0,78.46,-0.5
11.700000000000001,78.46,8.480000000000079,0.0,78.11428571428573,-0.34571428571426566
11.8,78.11428571428573,14.828571428571514,0.0,79.54285714285713,1.4285714285714022
11.9,79.54285714285713,25.18571428571426,0.0,80.97142857142856,1.4285714285714306
12.0,80.97142857142856,35.542857142857144,0.0,82.31111085252527,1.3396822810967137
12.100000000000001,82.31111085252527,39.65555833535326,0.0,83.42222112114698,1.111110268621701
12.200000000000001,83.42222112114698,27.711122947670056,0.0,84.53333146762246,1.1111103464754848
12.3,84.53333146762246,15.766686723058463,0.0,85.64444181409796,1.111110346475499
12.4,85.64444181409796,3.8222504984468664,0.0,84.58333333333334,-1.0611084807646165
12.5,84.58333333333334,0.0,0.0,82.49999999999999,-2.083333333333357
12.600000000000001,82.49999999999999,0.0,0.0,80.30000497777776,-2.1999950222222253
12.700000000000001,80.30000497777776,0.2999978666666751,0.0,77.80000398688523,-2.5000009908925307
12.8,77.80000398688523,1.3714268627634725,0.0,75.30000136393441,-2.5000026229508165
12.9,75.30000136393441,2.442856558313821,0.0,74.0,-1.3000013639344132
13.0,74.0,4.799995392000018,0.0,74.0,0.0
13.100000000000001,74.0,8.549995985454611,0.0,74.03333329676191,0.03333329676190999
13.200000000000001,74.03333329676191,12.499999451428625,0.0,74.4499995062857,0.41666620952379674
13.3,74.4499995062857,18.74999259428572,0.0,74.86666627282051,0.41666676653480295
13.4,74.86666627282051,24.999994092307677,0.0,76.85454341984415,1.9878771470236387
13.5,76.85454341984415,29.93636041475325,0.0,79.58181315490914,2.7272697350649935
13.600000000000001,79.58181315490914,34.25453749527282,0.0,82.30908751039455,2.727274355485406
13.700000000000001,82.30908751039455,38.572721891458045,0.0,85.03636221365355,2.727274703258999
13.8,85.03636221365355,42.89090683828478,0.0,87.85555256888891,2.8191903552353637
13.9,87.85555256888891,47.47777261898993,0.0,90.91110524444446,3.055552675555546
14.0,90.91110524444446,52.75554542222224,0.0,93.96666080000004,3.0555555555555856
14.100000000000001,93.96666080000004,58.03332320000008,0.0,97.02221933401714,3.055558534017095
14.200000000000001,97.02221933401714,63.31110612239324,0.0,101.40000000000006,4.377780665982925
14.3,101.40000000000006,68.40000000000006,0.0,106.44999944258069,5.049999442580628
14.4,106.44999944258069,73.24999969032261,0.0,112.0749924748387,5.624993032258004
14.5,112.0749924748387,76.37499581935484,0.0,116.71428571428578,4.639293239447085
14.600000000000001,116.71428571428578,80.05714285714292,0.0,120.28571428571432,3.571428571428541
14.700000000000001,120.28571428571432,84.34285714285718,0.0,123.85714285714286,3.571428571428541
14.8,123.85714285714286,88.62857142857143,0.0,128.825,4.967857142857127
14.9,128.825,91.0625,0.0,134.449996544,5.624996543999998
15.0,134.449996544,92.62499903999999,0.0,140.07499174400007,5.624995200000086
15.100000000000001,140.07499174400007,94.18749770666669,0.0,145.69998694400007,5.624995200000001
15.200000000000001,145.69998694400007,95.74999637333335,0.0,151.32499136000007,5.625004415999996
15.3,151.32499136000007,97.31249760000001,0.0,156.94999936000005,5.62500799999998
15.4,156.94999936000005,98.87499982222224,0.0,162.16666500740743,5.216665647407382
15.5,162.16666500740743,100.0,0.0,166.33332574814824,4.166660740740809
15.600000000000001,166.33332574814824,100.0,0.0,170.49999908571434,4.166673337566095
15.700000000000001,170.49999908571434,100.0,0.0,176.49999217777784,5.999993092063505
15.8,176.49999217777784,100.0,0.0,182.19999341714288,5.7000012393650366
15.9,182.19999341714288,100.0,0.0,186.48570918064138,4.2857157634985015
16.0,186.48570918064138,100.0,0.0,190.77142682495628,4.2857176443149
16.1,190.77142682495628,100.0,0.0,194.65516975721377,3.8837429322574906
16.2,194.65516975721377,100.0,0.0,198.1034428678257,3.4482731106119218
16.3,198.1034428678257,100.0,0.0,201.5517218924891,3.4482790246634067
16.400000000000002,201.5517218924891,100.0,0.0,204.54037384658918,2.988651954100078
16.5,204.54037384658918,100.0,0.0,206.40372741915738,1.8633535725682009
16.6,206.40372741915738,100.0,0.0,209.76249999999993,3.3587725808425546
16.7,209.76249999999993,100.0,0.0,213.82500000000005,4.062500000000114
16.8,213.82500000000005,100.0,0.0,217.8874945920001,4.062494592000064
16.900000000000002,217.8874945920001,100.0,0.0,221.02857008513118,3.141075493131069
17.0,221.02857008513118,100.0,0.0,223.17142442915454,2.1428543440233625
17.1,223.17142442915454,100.0,0.0,225.3142836244898,2.1428591953352623
17.2,225.3142836244898,100.0,0.0,228.00908904558634,2.6948054210965324
17.3,228.00908904558634,100.0,0.0,230.9636317596839,2.954542714097556
17.400000000000002,230.9636317596839,100.0,0.0,233.91817447378133,2.9545427140974425
17.5,233.91817447378133,100.0,0.0,236.87272395210647,2.9545494783251343
17.6,236.87272395210647,100.0,0.0,239.62221779753088,2.7494938454244107
17.7,239.62221779753088,100.0,0.0,241.84443875555561,2.222220958024735
17.8,241.84443875555561,100.0,0.0,244.06666208780496,2.2222233322493423
17.900000000000002,244.06666208780496,100.0,0.0,246.2888877788618,2.222225691056849
18.0,246.2888877788618,100.0,0.0,248.5583331657143,2.2694453868524818
18.1,248.5583331657143,100.0,0.0,250.84999843555553,2.2916652698412463
18.2,250.84999843555553,100.0,0.0,253.14166370539684,2.291665269841303
18.3,253.14166370539684,100.0,0.0,255.43332897523814,2.291665269841303
18.400000000000002,255.43332897523814,100.0,0.0,257.72499424507936,2.291665269841218
18.5,257.72499424507936,100.0,0.0,259.375,1.6500057549206417
18.6,259.375,100.0,0.0,260.9375,1.5625
18.7,260.9375,100.0,0.0,262.5,1.5625
18.8,262.5,100.0,0.0,264.2142822857143,1.7142822857143187
18.900000000000002,264.2142822857143,100.0,0.0,265.9999965714286,1.7857142857142776
19.0,265.9999965714286,100.0,0.0,267.7857138938776,1.7857173224489884
19.1,267.7857138938776,100.0,0.0,269.14782367808243,1.362109784204847
19.200000000000003,269.14782367808243,100.0,0.0,270.4521722385822,1.3043485604997613
19.3,270.4521722385822,100.0,0.0,271.756520799082,1.3043485604998182
19.400000000000002,271.756520799082,100.0,0.0,273.0608693595818,1.3043485604997613
19.5,273.0608693595818,100.0,0.0,274.3652173913044,1.3043480317226113
19.6,274.3652173913044,100.0,0.0,275.6695652173913,1.3043478260869392
19.700000000000003,275.6695652173913,100.0,0.0,276.97391304347826,1.3043478260869392
19.8,276.97391304347826,100.0,0.0,278.27826086956526,1.304347826086996
19.900000000000002,278.27826086956526,100.0,0.0,279.5826086956522,1.3043478260869392
20.0,279.5826086956522,100.0,0.0,281.08181738364556,1.4992086879933595
20.1,281.08181738364556,100.0,0.0,282.6727249396072,1.5909075559616213
20.200000000000003,282.6727249396072,100.0,0.0,284.2636340286061,1.5909090889988988
20.3,284.2636340286061,100.0,0.0,285.85454447709094,1.5909104484848626
20.400000000000002,285.85454447709094,100.0,0.0,287.28,1.4254555229090329
20.5,287.28,100.0,0.0,288.28000000000003,1.0000000000000568
20.6,288.28000000000003,100.0,0.0,289.26923008000006,0.9892300800000271
20.700000000000003,289.26923008000006,100.0,0.0,290.23076738461543,0.9615373046153763
20.8,290.23076738461543,100.0,0.0,291.1923058461539,0.9615384615384528
20.900000000000002,291.1923058461539,100.0,0.0,292.1538443076923,0.961538461538396
21.0,292.1538443076923,100.0,0.0,293.11538325661536,0.9615389489230779
21.1,293.11538325661536,100.0,0.0,294.0666664339394,0.9512831773240578
21.200000000000003,294.0666664339394,100.0,0.0,294.89999867803283,0.8333322440934126
21.3,294.89999867803283,100.0,0.0,295.7333325359563,0.8333338579234919
21.400000000000002,295.7333325359563,100.0,0.0,296.5666663938798,0.8333338579234919
21.5,296.5666663938798,100.0,0.0,297.3599988551553,0.7933324612754973
21.6,297.3599988551553,100.0,0.0,298.10999974956525,0.7500008944099363
21.700000000000003,298.10999974956525,100.0,0.0,298.86,0.7500002504347663
21.8,298.86,100.0,0.0,299.61,0.75
21.900000000000002,299.61,100.0,0.0,300.3272723218768,0.7172723218768056
22.0,300.3272723218768,100.0,0.0,301.00908965912026,0.6818173372434444
22.1,301.00908965912026,100.0,0.0,301.69090845444504,0.681818795324773
22.200000000000003,301.69090845444504,100.0,0.0,302.3727272727273,0.6818188182822382
22.3,302.3727272727273,100.0,0.0,303.04,0.6672727272727457
22.400000000000002,303.04,100.0,0.0,303.54,0.5
22.5,303.54,100.0,0.0,304.0399996455385,0.4999996455384803
22.6,304.0399996455385,100.0,0.0,304.5399991532308,0.4999995076922801
22.700000000000003,304.5399991532308,100.0,0.0,305.09999999999997,0.560000846769185
22.8,305.09999999999997,100.0,0.0,306.35,1.2500000000000568
22.900000000000002,306.35,100.0,0.0,307.3,0.9499999999999886
23.0,307.3,100.0,0.0,307.925,0.625
23.1,307.925,100.0,0.0,308.55,0.625
23.200000000000003,308.55,100.0,0.0,309.08749970526316,0.5374997052631443
23.3,309.08749970526316,100.0,0.0,309.3999993704918,0.3124996652286427
23.400000000000002,309.3999993704918,100.0,0.0,309.71249969836066,0.31250032786886095
23.5,309.71249969836066,100.0,0.0,310.02857142857147,0.31607173021080825
23.6,310.02857142857147,100.0,0.0,310.3857142857143,0.3571428571428328
23.700000000000003,310.3857142857143,100.0,0.0,310.74285714285713,0.3571428571428328
23.8,310.74285714285713,100.0,0.0,311.1749987555556,0.43214161269844453
23.900000000000002,311.1749987555556,100.0,0.0,311.79999896615385,0.625000210598273
24.0,311.79999896615385,100.0,0.0,312.4249995815385,0.6250006153846357
24.1,312.4249995815385,100.0,0.0,313.03333333333336,0.6083337517948735
24.200000000000003,313.03333333333336,100.0,0.0,313.45,0.41666666666662877
24.3,313.45,100.0,0.0,313.8666666666667,0.4166666666666856
24.400000000000002,313.8666666666667,100.0,0.0,314.28333308031006,0.41666641364338375
24.5,314.28333308031006,100.0,0.0,314.6999993748837,0.4166662945736448
24.6,314.6999993748837,100.0,0.0,315.14,0.4400006251162836
24.700000000000003,315.14,100.0,0.0,315.64,0.5
24.8,315.64,100.0,0.0,316.0,0.36000000000001364
24.900000000000002,316.0,100.0,0.0,316.0,0.0
25.0,316.0,100.0,0.0,316.2833333333333,0.283333333333303
25.1,316.2833333333333,100.0,0.0,316.7,0.4166666666666856
25.200000000000003,316.7,100.0,0.0,317.1749997511111,0.47499975111111326
25.3,317.1749997511111,100.0,0.0,317.79999886222225,0.6249991111111513
25.400000000000002,317.79999886222225,100.0,0.0,318.4249988,0.6249999377777726
25.5,318.4249988,100.0,0.0,319.0499988,0.625
25.6,319.0499988,100.0,0.0,319.6749995008,0.6250007008000011
25.700000000000003,319.6749995008,100.0,0.0,320.0,0.3250004991999731
25.8,320.0,100.0,0.0,320.0,0.0
25.900000000000002,320.0,100.0,0.0,320.0,0.0
26.0,320.0,100.0,0.0,320.0,0.0
26.1,320.0,100.0,0.0,319.6333338548148,-0.36666614518520646
26.200000000000003,319.6333338548148,100.0,0.0,319.21666706285714,-0.41666679195765255
26.3,319.21666706285714,100.0,0.0,319.23999965866665,0.02333259580950653
26.400000000000002,319.23999965866665,100.0,0.0,319.739999232,0.4999995733333549
26.5,319.739999232,100.0,0.0,319.80000017860465,0.06000094660464583
26.6,319.80000017860465,100.0,0.0,319.383333884031,-0.4166662945736448
26.700000000000003,319.383333884031,100.0,0.0,319.0249999795745,-0.35833390445651503
26.8,319.0249999795745,100.0,0.0,319.33749972425534,0.3124997446808493
26.900000000000002,319.33749972425534,100.0,0.0,319.64999946893613,0.31249974468079245
27.0,319.64999946893613,100.0,0.0,319.96249991529413,0.3125004463580012
27.1,319.96249991529413,100.0,0.0,320.0,0.03750008470586863
27.200000000000003,320.0,100.0,0.0,320.0,0.0
27.3,320.0,100.0,0.0,320.0,0.0
27.400000000000002,320.0,100.0,0.0,320.0,0.0
27.5,320.0,100.0,0.0,320.0,0.0
27.6,320.0,100.0,0.0,320.0,0.0
27.700000000000003,320.0,100.0,0.0,317.8000044463157,-2.199995553684289
27.8,317.8000044463157,81.08003823831535,0.0,315.30000054857135,-2.5000038977443637
27.900000000000002,315.30000054857135,59.58000471771361,0.8857142857143157,297.4000218012903,-17.899978747281068
28.0,297.4000218012903,36.10002588903218,1.0,277.4000234917645,-19.99999830952578
28.1,277.4000234917645,12.350027896470369,1.0,260.60002397658513,-16.799999515179366
28.200000000000003,260.60002397658513,0.0,1.0,247.2666781554471,-13.333345821138039
28.3,247.2666781554471,0.0,1.0,233.65001727999962,-13.61666087544748
28.400000000000002,233.65001727999962,0.0,1.0,216.7750116193103,-16.87500566068931
28.5,216.7750116193103,0.0,1.0,202.96000390981817,-13.815007709492136
28.6,202.96000390981817,0.0,1.0,192.46001612799978,-10.49998778181839
28.700000000000003,192.46001612799978,0.0,1.0,181.9600249131707,-10.499991214829066
28.8,181.9600249131707,0.0,1.0,171.46000852292673,-10.500016390243985
28.900000000000002,171.46000852292673,0.0,1.0,164.05000000000007,-7.41000852292666
29.0,164.05000000000007,0.0,1.0,159.98749999999998,-4.062500000000085
29.1,159.98749999999998,0.0,1.0,155.92499999999987,-4.062500000000114
29.200000000000003,155.92499999999987,0.0,1.0,153.0,-2.9249999999998693
29.3,153.0,0.0,1.0,153.0,0.0
29.400000000000002,153.0,0.0,1.0,143.65002393600017,-9.349976063999833
29.5,143.65002393600017,0.0,1.0,130.71428571428564,-12.93573822171453
29.6,130.71428571428564,0.0,1.0,127.14285714285707,-3.5714285714285694
29.700000000000003,127.14285714285707,0.0,1.0,123.57142857142857,-3.5714285714284983
29.8,123.57142857142857,0.0,1.0,120.5333335302564,-3.03809504117217
29.900000000000002,120.5333335302564,0.07777774495726648,1.0,118.8666685046154,-1.6666650256409952
30.0,118.8666685046154,0.35555524923076703,1.0,117.20000347897434,-1.6666650256410662
30.1,117.20000347897434,0.6333327535042773,1.0,115.53333495873011,-1.6666685202442295
30.200000000000003,115.53333495873011,0.9111108402116497,0.38095238095234074,113.3000018488889,-2.2333331098412117
30.3,113.3000018488889,2.133332100740735,0.0,110.8000054044444,-2.4999964444444913
30.400000000000002,110.8000054044444,3.7999963970370576,0.0,109.34999999999998,-1.4500054044444255
30.5,109.34999999999998,8.219999999999857,0.0,110.60000000000001,1.2500000000000284
30.6,110.60000000000001,19.72000000000004,0.0,111.85000000000002,1.2500000000000142
30.700000000000003,111.85000000000002,31.220000000000233,0.0,113.10000000000001,1.2499999999999858
30.8,113.10000000000001,42.720000000000034,0.0,115.49999753846167,2.399997538461662
30.900000000000002,115.49999753846167,54.59999409230801,0.0,120.85713160439566,5.357134065933991
31.0,120.85713160439566,67.4571158505496,0.0,126.21427996313372,5.357148358738058
31.1,126.21427996313372,80.31427191152092,0.0,129.39999865263158,3.185718689497861
31.200000000000003,129.39999865263158,77.8000309894734,0.0,130.23333174084505,0.8333330882134646
31.3,130.23333174084505,58.633369960563485,0.0,131.06666582535212,0.8333340845070722
31.400000000000002,131.06666582535212,39.466686016901164,0.0,131.89999990985916,0.8333340845070438
31.5,131.89999990985916,20.300002073239533,0.0,132.24444376615384,0.34444385629467433
31.6,132.24444376615384,25.57775675076928,0.0,132.5222218174359,0.2777780512820698
31.700000000000003,132.5222218174359,34.18887634051306,0.0,132.79999986871795,0.27777805128204136
31.8,132.79999986871795,42.79999593025653,0.0,133.5249991384616,0.7249992697436483
31.900000000000002,133.5249991384616,51.27499626666687,0.0,135.3999960615385,1.8749969230769068
32.0,135.3999960615385,59.399982933333426,0.0,138.4285692598008,3.0285731982623076
32.1,138.4285692598008,71.22856318724305,0.0,141.9999946418606,3.5714253820598003
32.2,141.9999946418606,84.79997963907027,0.0,145.57142730549472,3.5714326636341127
32.300000000000004,145.57142730549472,98.37142376087996,0.0,149.57500000000005,4.003572694505323
32.4,149.57500000000005,100.0,0.0,153.6375000000001,4.062500000000057
32.5,153.6375000000001,100.0,0.0,157.70000000000016,4.062500000000057
32.6,157.70000000000016,100.0,0.0,162.39999312842133,4.69999312842117
32.7,162.39999312842133,100.0,0.0,167.39999523310374,5.000002104682409
32.800000000000004,167.39999523310374,100.0,0.0,172.31249541818175,4.912500185078017
32.9,172.31249541818175,100.0,0.0,176.99999100000008,4.687495581818325
33.0,176.99999100000008,100.0,0.0,181.68749428965532,4.68750328965524
33.1,181.68749428965532,100.0,0.0,186.24999972881363,4.562505439158315
33.2,186.24999972881363,100.0,0.0,189.3749963389832,3.1249966101695748
33.300000000000004,189.3749963389832,100.0,0.0,192.49999294915256,3.1249966101693474
33.4,192.49999294915256,100.0,0.0,195.62499885714286,3.1250059079902996
33.5,195.62499885714286,100.0,0.0,200.03333333333333,4.4083344761904755
33.6,200.03333333333333,100.0,0.0,204.6166666666667,4.583333333333371
33.7,204.6166666666667,100.0,0.0,208.43999526745952,3.82332860079282
33.800000000000004,208.43999526745952,100.0,0.0,211.43999838097295,3.0000031135134293
33.9,211.43999838097295,100.0,0.0,214.37142687262678,2.9314284916538327
34.0,214.37142687262678,100.0,0.0,217.22856619059914,2.8571393179723543
34.1,217.22856619059914,100.0,0.0,220.08571288137153,2.857146690772396
34.2,220.08571288137153,100.0,0.0,222.01999829704354,1.934285415672008
34.300000000000004,222.01999829704354,100.0,0.0,223.51999891576466,1.500000618721117
34.4,223.51999891576466,100.0,0.0,226.125,2.60500108423534
34.5,226.125,100.0,0.0,229.20000000000007,3.075000000000074
34.6,229.20000000000007,100.0,0.0,231.70000000000007,2.5
34.7,231.70000000000007,100.0,0.0,234.0999992888889,2.3999992888888357
34.800000000000004,234.0999992888889,100.0,0.0,235.34999716226412,1.2499978733752073
34.9,235.34999716226412,100.0,0.0,236.59999829333333,1.2500011310692116
35.0,236.59999829333333,100.0,0.0,238.69999789419367,2.099999600860343
35.1,238.69999789419367,100.0,0.0,241.19999569920014,2.4999978050064726
35.2,241.19999569920014,100.0,0.0,243.69999953920018,2.5000038400000335
35.300000000000004,243.69999953920018,100.0,0.0,244.43999951725715,0.7399999780569715
35.4,244.43999951725715,100.0,0.0,244.9399995392,0.5000000219428387
35.5,244.9399995392,100.0,0.0,247.56666666666666,2.626667127466675
35.6,247.56666666666666,100.0,0.0,250.48333333333335,2.9166666666666856
35.7,250.48333333333335,100.0,0.0,252.6857127724138,2.2023794390804596
35.800000000000004,252.6857127724138,100.0,0.0,254.11428277073168,1.4285699983178688
35.9,254.11428277073168,100.0,0.0,255.5428564292683,1.428573658536635
36.0,255.5428564292683,100.0,0.0,256.7068608009129,1.1640043716446087
36.1,256.7068608009129,100.0,0.0,257.746361978726,1.0395011778130652
36.2,257.746361978726,100.0,0.0,258.7858625275463,1.0395005488203424
36.300000000000004,258.7858625275463,100.0,0.0,259.8253624957579,1.039499968211544
36.4,259.8253624957579,100.0,0.0,260.86486427030763,1.0395017745497626
36.5,260.86486427030763,100.0,0.7111111111111181,253.51612852123134,-7.3487357490762975
36.6,253.51612852123134,68.81720217179723,1.0,244.91397739621007,-8.602151125021265
36.7,244.91397739621007,32.97490581754202,1.0,236.63999999999987,-8.2739773962102
36.800000000000004,236.63999999999987,0.0,1.0,232.14,-4.499999999999886
36.9,232.14,0.0,1.0,227.66666702824847,-4.473332971751518
37.0,227.66666702824847,0.06666659435030356,1.0,223.50000488135584,-4.166662146892634
37.1,223.50000488135584,0.8999990237288317,1.0,219.3333427344632,-4.166662146892634
37.2,219.3333427344632,1.7333314531073598,1.0,215.1666711397847,-4.1666715946784905
37.300000000000004,215.1666711397847,2.5666657720430566,1.0,211.50000331034485,-3.6666678294398594
37.4,211.50000331034485,4.199997351724114,1.0,208.37500218181822,-3.125001128526634
37.5,208.37500218181822,6.699998254545422,0.27272727272730213,206.01999999999998,-2.355002181818236
37.6,206.01999999999998,20.64000000000008,0.0,203.76999999999995,-2.2500000000000284
37.7,203.76999999999995,36.14000000000022,0.0,201.5199999999999,-2.250000000000057
37.800000000000004,201.5199999999999,51.64000000000057,0.0,199.27,-2.2499999999998863
37.9,199.27,67.1399999999999,0.0,200.40000000000003,1.1300000000000239
38.0,200.40000000000003,75.20000000000017,0.0,201.99090909090916,1.590909090909122
38.1,201.99090909090916,82.24545454545479,0.0,203.58181818181825,1.5909090909090935
38.2,203.58181818181825,89.29090909090941,0.0,205.1727272727274,1.5909090909091503
38.300000000000004,205.1727272727274,96.33636363636413,0.0,207.1999985135486,2.027271240821193
38.400000000000006,207.1999985135486,100.0,0.0,209.69999541677424,2.49999690322565
38.5,209.69999541677424,100.0,0.0,212.20000000000002,2.500004583225774
38.6,212.20000000000002,100.0,0.0,214.70000000000005,2.5000000000000284
38.7,214.70000000000005,100.0,0.0,217.0666661925926,2.366666192592561
38.800000000000004,217.0666661925926,100.0,0.0,217.89999861960789,0.8333324270152787
38.900000000000006,217.89999861960789,100.0,0.0,218.73333299869284,0.8333343790849597
39.0,218.73333299869284,100.0,0.0,220.9833293249123,2.2499963262194456
39.1,220.9833293249123,100.0,0.0,223.89999721931042,2.916667894398131
39.2,223.89999721931042,100.0,0.0,226.69999845517256,2.8000012358621404
39.300000000000004,226.69999845517256,100.0,0.0,229.199994219355,2.4999957641824437
39.400000000000006,229.199994219355,100.0,0.0,231.69999938064515,2.5000051612901473
39.5,231.69999938064515,100.0,0.0,234.75000000000009,3.0500006193549325
39.6,234.75000000000009,100.0,0.0,237.69999883130447,2.9499988313043843
39.7,237.69999883130447,100.0,0.0,240.19999593411777,2.499997102813296
39.800000000000004,240.19999593411777,100.0,0.0,242.61249957236376,2.412503638245994
39.900000000000006,242.61249957236376,100.0,0.0,244.79999804509092,2.1874984727271567
40.0,244.79999804509092,100.0,0.0,246.98749651781824,2.1874984727273272
40.1,246.98749651781824,100.0,0.0,249.0999992888889,2.112502771070666
40.2,249.0999992888889,100.0,0.0,250.3499979294118,1.2499986405229038
40.300000000000004,250.3499979294118,100.0,0.0,251.59999949803927,1.2500015686274537
40.400000000000006,251.59999949803927,100.0,0.0,253.01999630027393,1.4199968022346638
40.5,253.01999630027393,100.0,0.0,254.51999673863017,1.5000004383562384
40.6,254.51999673863017,100.0,0.0,256.019997378207,1.5000006395768253
40.7,256.019997378207,100.0,0.0,257.5199993644139,1.5000019862068825
40.800000000000004,257.5199993644139,100.0,0.0,258.72856950447766,1.2085701400637845
40.900000000000006,258.72856950447766,100.0,0.0,259.7999990993603,1.0714295948826589
41.0,259.7999990993603,100.0,0.0,260.87142857142857,1.071429472068246
41.1,260.87142857142857,100.0,0.0,262.32000000000005,1.4485714285714835
41.2,262.32000000000005,100.0,0.0,263.8200000000001,1.5000000000000568
41.300000000000004,263.8200000000001,100.0,0.0,264.3666664770371,0.5466664770369789
41.400000000000006,264.3666664770371,98.16666761481474,0.0,264.7833325511111,0.41666607407398715
41.5,264.7833325511111,96.08333724444448,0.0,260.1999999999999,-4.583332551111198
41.6,260.1999999999999,75.99999999999943,1.0,250.1999999999998,-10.000000000000085
41.7,250.1999999999998,36.41666666666587,1.0,240.1199999999996,-10.080000000000183
41.800000000000004,240.1199999999996,0.0,1.0,229.1199999999992,-11.000000000000398
41.900000000000006,229.1199999999992,0.0,1.0,218.60000065641015,-10.519999343589063
42.0,218.60000065641015,0.09090894172496865,1.0,213.60000886153847,-4.999991794871676
42.1,213.60000886153847,1.2272707132867133,1.0,208.6000114016807,-4.999997459857781
42.2,208.6000114016807,2.3636337723452985,1.0,203.60000767999992,-5.00000372168077
42.300000000000004,203.60000767999992,3.4999982545454706,1.0,198.60000186181801,-5.000005818181904
42.400000000000006,198.60000186181801,4.636363213223179,1.0,195.3000034357895,-3.299998426028509
42.5,195.3000034357895,6.699996564210492,1.0,192.63999999999987,-2.6600034357896334
42.6,192.63999999999987,9.160000000000052,0.9599999999999872,188.13999999999987,-4.5
42.7,188.13999999999987,11.160000000000052,0.4599999999999872,184.0796015787218,-4.06039842127808
42.800000000000004,184.0796015787218,15.507449729736319,0.0,185.07462585748448,0.9950242787626848
42.900000000000006,185.07462585748448,46.850714510760994,0.0,186.10971797399785,1.0350921165133684
43.0,186.10971797399785,76.46081549079095,0.0,187.67711665412082,1.5673986801229773
43.1,187.67711665412082,83.04388994730738,0.0,189.24451445878086,1.5673978046600325
43.2,189.24451445878086,89.62696072687959,0.0,190.8119122634409,1.5673978046600325
43.300000000000004,190.8119122634409,96.21003150645178,0.0,193.82857142857156,3.016659165130676
43.400000000000006,193.82857142857156,97.94285714285718,0.0,197.04285714285717,3.2142857142856087
43.5,197.04285714285717,99.01428571428572,0.0,200.2399996865307,3.1971425436735217
43.6,200.2399996865307,100.0,0.0,203.23999576816342,2.9999960816327302
43.7,203.23999576816342,100.0,0.0,206.2400000000001,3.0000042318366695
43.800000000000004,206.2400000000001,100.0,0.0,209.24000000000018,3.0000000000000853
43.900000000000006,209.24000000000018,100.0,0.0,212.13333333333333,2.893333333333146
44.0,212.13333333333333,100.0,0.0,213.8,1.6666666666666856
44.1,213.8,100.0,0.0,215.46666666666673,1.666666666666714
44.2,215.46666666666673,100.0,0.0,219.40000000000023,3.9333333333335077
44.300000000000004,219.40000000000023,100.0,0.0,224.4000000000003,5.000000000000057
44.400000000000006,224.4000000000003,100.0,0.0,228.57272727272724,4.172727272726945
44.5,228.57272727272724,100.0,0.0,230.6181818181818,2.045454545454561
44.6,230.6181818181818,100.0,0.0,232.66363636363636,2.045454545454561
44.7,232.66363636363636,100.0,0.0,234.70909090909097,2.045454545454618
44.800000000000004,234.70909090909097,100.0,0.0,236.7545454545456,2.045454545454618
44.900000000000006,236.7545454545456,100.0,0.0,239.2,2.445454545454396
45.0,239.2,100.0,0.0,241.70000000000002,2.5000000000000284
45.1,241.70000000000002,100.0,0.0,244.20000000000007,2.500000000000057
45.2,244.20000000000007,100.0,0.0,246.69999913290337,2.499999132903298
45.300000000000004,246.69999913290337,100.0,0.0,249.1999960361292,2.4999969032258207
45.400000000000006,249.1999960361292,100.0,0.0,251.35999831535477,2.16000227922558
45.5,251.35999831535477,100.0,0.0,253.35999726933332,1.9999989539785474
45.6,253.35999726933332,100.0,0.0,255.4571404243479,2.097143155014578
45.7,255.4571404243479,100.0,0.0,257.59999720727285,2.1428567829249516
45.800000000000004,257.59999720727285,100.0,0.0,259.7428568436365,2.142859636363653
45.900000000000006,259.7428568436365,100.0,0.0,261.25714173448506,1.5142848908485576
46.0,261.25714173448506,100.0,0.0,262.68571188730897,1.4285701528239088
46.1,262.68571188730897,100.0,0.0,264.17499970782615,1.489287820517177
46.2,264.17499970782615,100.0,0.0,266.36249605565223,2.187496347826084
46.300000000000004,266.36249605565223,100.0,0.0,268.54999675586225,2.1875007002100233
46.400000000000006,268.54999675586225,100.0,0.0,270.7374996524138,2.187502896551564
46.5,270.7374996524138,100.0,0.0,272.88570992138915,2.1482102689753333
46.6,272.88570992138915,100.0,0.0,275.028566306551,2.142856385161849
46.7,275.028566306551,100.0,0.0,277.0999998693878,2.0714335628367735
46.800000000000004,277.0999998693878,100.0,0.0,278.3499982367348,1.2499983673470183
46.900000000000006,278.3499982367348,100.0,0.0,279.5999976727273,1.2499994359924926
47.0,279.5999976727273,100.0,0.0,281.35999866092317,1.760000988195884
47.1,281.35999866092317,100.0,0.0,283.35999669169246,1.9999980307692908
47.2,283.35999669169246,100.0,0.0,285.0624989538462,1.7025022621537573
47.300000000000004,285.0624989538462,100.0,0.0,286.6249974153847,1.562498461538496
47.400000000000006,286.6249974153847,100.0,0.0,288.187498752,1.5625013366152984
47.5,288.187498752,100.0,0.0,289.6,1.4125012480000123
47.6,289.6,100.0,0.0,290.85,1.25
47.7,290.85,100.0,0.0,292.0909089616162,1.240908961616185
47.800000000000004,292.0909089616162,100.0,0.0,293.22727098181826,1.136362020202057
47.900000000000006,293.22727098181826,100.0,0.0,294.3636339415878,1.1363629597695422
48.0,294.3636339415878,100.0,0.0,295.49999724886874,1.1363633072809307
48.1,295.49999724886874,100.0,0.0,296.6363612059839,1.1363639571151793
48.2,296.6363612059839,100.0,0.0,297.68000000000006,1.0436387940161467
48.300000000000004,297.68000000000006,100.0,0.0,298.68000000000006,1.0
48.400000000000006,298.68000000000006,100.0,0.0,299.9444425356725,1.2644425356724582
48.5,299.9444425356725,100.0,0.0,301.33333140125785,1.3888888655853293
48.6,301.33333140125785,100.0,0.0,302.7222212964361,1.388889895178238
48.7,302.7222212964361,100.0,0.0,304.05,1.3277787035639221
48.800000000000004,304.05,100.0,0.0,304.67500000000007,0.6250000000000568
48.900000000000006,304.67500000000007,100.0,0.0,305.6,0.9249999999999545
49.0,305.6,100.0,0.0,306.85,1.25
49.1,306.85,100.0,0.0,308.4666627121951,1.6166627121950796
49.2,308.4666627121951,100.0,0.0,310.13333198048787,1.6666692682927646
49.300000000000004,310.13333198048787,100.0,0.0,311.1495321419628,1.0162001614749556
49.400000000000006,311.1495321419628,100.0,0.0,311.4610586838248,0.3115265418619515
49.5,311.4610586838248,100.0,0.0,311.7725852256867,0.3115265418619515
49.6,311.7725852256867,100.0,0.0,312.225,0.45241477431329713
49.7,312.225,100.0,0.0,313.0583333333334,0.8333333333333712
49.800000000000004,313.0583333333334,100.0,0.0,313.89166666666677,0.8333333333333712
49.900000000000006,313.89166666666677,100.0,0.0,314.9354820945255,1.0438154278587604
50.0,314.9354820945255,100.0,0.0,316.01075137090555,1.075269276380027
50.1,316.01075137090555,100.0,0.0,317.07999956114287,1.0692481902373174
50.2,317.07999956114287,100.0,0.0,318.07999769388437,0.9999981327414957
50.300000000000004,318.07999769388437,100.0,0.0,319.0857142857143,1.0057165918299233
50.400000000000006,319.0857142857143,100.0,0.0,320.15714285714284,1.0714285714285552
50.5,320.15714285714284,100.0,0.0,321.22857142857146,1.071428571428612
50.6,321.22857142857146,100.0,0.0,322.23333333333335,1.0047619047618923
50.7,322.23333333333335,100.0,0.0,323.0666666666667,0.8333333333333712
50.800000000000004,323.0666666666667,100.0,0.0,323.90000000000003,0.8333333333333144
50.900000000000006,323.90000000000003,100.0,0.0,324.3666666666667,0.46666666666664014
51.0,324.3666666666667,100.0,0.0,324.78333333333336,0.4166666666666856
51.1,324.78333333333336,100.0,0.0,325.2666666666667,0.4833333333333485
51.2,325.2666666666667,100.0,0.0,325.8222218113581,0.5555551446913682
51.300000000000004,325.8222218113581,100.0,0.0,326.3777765767902,0.5555547654321344
51.400000000000006,326.3777765767902,100.0,0.0,326.93333313015876,0.5555565533685467
51.5,326.93333313015876,100.0,0.0,327.43999945496773,0.5066663248089753
51.6,327.43999945496773,100.0,0.0,327.939999744,0.5000002890322435
51.7,327.939999744,100.0,0.0,328.3666663392248,0.4266665952248445
51.800000000000004,328.3666663392248,100.0,0.0,328.78333263379847,0.4166662945736448
51.900000000000006,328.78333263379847,100.0,0.0,329.2666663740952,0.48333374029675724
52.0,329.2666663740952,100.0,0.0,329.82222132012697,0.5555549460317479
52.1,329.82222132012697,100.0,0.0,330.377777132012,0.5555558118850286
52.2,330.377777132012,100.0,0.0,330.93333326414415,0.5555561321321534
52.300000000000004,330.93333326414415,100.0,0.0,331.55,0.6166667358558584
52.400000000000006,331.55,100.0,0.0,332.09999965090907,0.5499996509090579
52.5,332.09999965090907,100.0,0.0,332.45714239390475,0.35714274299567705
52.6,332.45714239390475,100.0,0.0,332.81428555580953,0.3571431619047871
52.7,332.81428555580953,100.0,0.0,333.0,0.18571444419046657
52.800000000000004,333.0,100.0,0.0,333.0,0.0
52.900000000000006,333.0,100.0,0.0,333.0499999288889,0.049999928888894374
53.0,333.0499999288889,100.0,0.0,333.67499904,0.6249991111110944
53.1,333.67499904,100.0,0.0,334.0,0.3250009600000112
53.2,334.0,100.0,0.0,334.0,0.0
53.300000000000004,334.0,100.0,0.0,334.0,0.0
53.400000000000006,334.0,100.0,0.0,334.28333272177775,0.2833327217777537
53.5,334.28333272177775,100.0,0.0,334.699999744,0.4166670222222706
53.6,334.699999744,100.0,0.0,334.9222223794152,0.2222226354151644
53.7,334.9222223794152,100.0,0.0,334.64444497777777,-0.27777740163742237
53.800000000000004,334.64444497777777,100.0,0.0,334.3666672,-0.27777777777777146
53.900000000000006,334.3666672,100.0,0.0,334.08888926814814,-0.2777779318518583
54.0,334.08888926814814,100.0,0.0,334.0,-0.08888926814813658
54.1,334.0,100.0,0.0,334.04999982545456,0.04999982545456305
54.2,334.04999982545456,100.0,0.0,334.67499940571435,0.6249995802597823
54.300000000000004,334.67499940571435,100.0,0.0,335.0,0.32500059428565464
54.400000000000006,335.0,100.0,0.0,335.0,0.0
54.5,335.0,100.0,0.0,335.0,0.0
54.6,335.0,100.0,0.0,335.0,0.0
54.7,335.0,100.0,0.0,335.0,0.0
54.800000000000004,335.0,94.27999999999982,0.4400000000000142,335.0,0.0
54.900000000000006,335.0,87.77999999999959,0.9400000000000319,321.06670423414624,-13.933295765853757
55.0,321.06670423414624,55.10008600975596,1.0,305.2333461853657,-15.833358048780553
55.1,305.2333461853657,18.850029424389923,1.0,289.9999999999995,-15.233346185366202
55.2,289.9999999999995,0.0,1.0,275.416666666666,-14.583333333333485
55.300000000000004,275.416666666666,0.0,1.0,261.23333401798425,-14.183332648681755
55.400000000000006,261.23333401798425,0.0,1.0,251.65000924279082,-9.583324775193432
55.5,251.65000924279082,0.0,1.0,242.0666844675967,-9.583324775194114
55.6,242.0666844675967,0.0,1.0,233.0499999999997,-9.016684467597003
55.7,233.0499999999997,0.0,1.0,224.61904756376185,-8.430952436237845
55.800000000000004,224.61904756376185,0.14512473761453884,1.0,219.85714277050675,-4.761904793255098
55.900000000000006,219.85714277050675,1.9591837064736233,0.7835294117646907,215.09523803461897,-4.761904735887782
56.0,215.09523803461897,3.7732426534784858,0.5482352941176436,210.33333329873088,-4.761904735888095
56.1,210.33333329873088,5.587301600483477,0.31294117647057995,205.57142856284278,-4.761904735888095
56.2,205.57142856284278,7.401360547488468,0.07764705882351619,202.1575049969848,-3.4139235658579707
56.300000000000004,202.1575049969848,12.689987280402281,0.0,199.40750411256263,-2.750000884422178
56.400000000000006,199.40750411256263,19.689989531658732,0.0,196.65750282024095,-2.7500012923216843
56.5,196.65750282024095,26.689992821204854,0.0,193.90750069975905,-2.750002120481895
56.6,193.90750069975905,33.68999821879515,0.0,193.42138268613854,-0.4861180136205121
56.7,193.42138268613854,46.955949839601935,0.0,194.20000000000007,0.7786173138615311
56.800000000000004,194.20000000000007,63.65000000000063,0.0,196.7000000000002,2.5000000000001137
56.900000000000006,196.7000000000002,84.27500000000147,0.0,199.20000000000005,2.499999999999858
57.0,199.20000000000005,95.85714285714289,0.0,201.70000000000007,2.5000000000000284
57.1,201.70000000000007,97.6428571428572,0.0,204.2000000000001,2.5000000000000284
57.2,204.2000000000001,99.42857142857149,0.0,207.55000000000018,3.3500000000000796
57.300000000000004,207.55000000000018,100.0,0.0,211.3000000000002,3.7500000000000284
57.400000000000006,211.3000000000002,100.0,0.0,215.05,3.749999999999801
57.5,215.05,100.0,0.0,217.8,2.75
57.6,217.8,100.0,0.0,219.4666666666667,1.6666666666666856
57.7,219.4666666666667,100.0,0.0,221.13333162666672,1.6666649600000198
57.800000000000004,221.13333162666672,100.0,0.0,222.79999592296303,1.666664296296318
57.900000000000006,222.79999592296303,100.0,0.0,224.79999951392406,2.000003590961029
58.0,224.79999951392406,100.0,0.0,226.84545350701958,2.0454539930955207
58.1,226.84545350701958,100.0,0.0,228.89090693670892,2.0454534296893314
58.2,228.89090693670892,100.0,0.0,230.93635982508636,2.04545288837744
58.300000000000004,230.93635982508636,100.0,0.0,232.90000000000015,1.9636401749137917
58.400000000000006,232.90000000000015,100.0,0.0,234.775,1.874999999999858
58.5,234.775,100.0,0.0,236.31999842583852,1.5449984258385143
58.6,236.31999842583852,100.0,0.0,237.82,1.5000015741614732
58.7,237.82,100.0,0.0,240.93333011504768,3.113330115047688
58.800000000000004,240.93333011504768,100.0,0.0,244.26666154666685,3.333331431619172
58.900000000000006,244.26666154666685,100.0,0.0,246.8399990784,2.5733375317331593
59.0,246.8399990784,100.0,0.0,248.5899971584,1.7499980799999832
59.1,248.5899971584,100.0,0.0,250.33999773013338,1.7500005717333806
59.2,250.33999773013338,100.0,0.0,252.08999922346678,1.7500014933334
59.300000000000004,252.08999922346678,100.0,0.0,253.48000000000008,1.3900007765332987
59.400000000000006,253.48000000000008,100.0,0.0,254.48000000000002,0.9999999999999432
59.5,254.48000000000002,100.0,0.0,255.17142857142858,0.6914285714285597
59.6,255.17142857142858,100.0,0.0,255.52857142857144,0.3571428571428612
59.7,255.52857142857144,100.0,0.0,255.8857142857143,0.3571428571428612
59.800000000000004,255.8857142857143,100.0,0.0,256.0,0.11428571428569967
59.900000000000006,256.0,100.0,0.0,256.0,0.0
60.0,256.0,100.0,0.0,256.0,0.0
60.1,256.0,100.0,0.0,256.0,0.0
60.2,256.0,100.0,0.0,258.0777731923373,2.077773192337304
60.300000000000004,258.0777731923373,100.0,0.0,261.13332607920563,3.055552886868327
60.400000000000006,261.13332607920563,100.0,0.0,264.18888272725013,3.055556648044501
60.5,264.18888272725013,100.0,0.0,267.1499998774469,2.961117150196742
60.6,267.1499998774469,100.0,0.0,269.02499834553197,1.8749984680850957
60.7,269.02499834553197,100.0,0.0,270.8999968136171,1.8749984680851526
60.800000000000004,270.8999968136171,100.0,0.0,272.77499949176485,1.8750026781477231
60.900000000000006,272.77499949176485,100.0,0.0,274.31999812266673,1.5449986309018868
61.0,274.31999812266673,100.0,0.0,275.8199994683077,1.5000013456409533
61.1,275.8199994683077,100.0,0.0,278.1999972748387,2.379997806531037
61.2,278.1999972748387,100.0,0.0,280.175,1.9750027251612892
61.300000000000004,280.175,100.0,0.0,280.80000000000007,0.6250000000000568
61.400000000000006,280.80000000000007,100.0,0.0,281.425,0.6249999999999432
61.5,281.425,100.0,0.0,282.14285664415587,0.7178566441558587
61.6,282.14285664415587,100.0,0.0,283.9285688076191,1.785712163463245
61.7,283.9285688076191,100.0,0.0,285.71428461714294,1.785715809523822
61.800000000000004,285.71428461714294,100.0,0.0,287.3111111111112,1.5968264939682513
61.900000000000006,287.3111111111112,100.0,0.0,288.42222222222216,1.1111111111109722
62.0,288.42222222222216,100.0,0.0,289.5333333333333,1.1111111111111427
62.1,289.5333333333333,100.0,0.0,290.6444444444445,1.1111111111111995
62.2,290.6444444444445,100.0,0.0,291.8500000000001,1.205555555555577
62.300000000000004,291.8500000000001,100.0,0.0,293.03319484746373,1.1831948474636533
62.400000000000006,293.03319484746373,100.0,0.0,293.4481322906211,0.4149374431573847
62.5,293.4481322906211,100.0,0.0,293.8630704179737,0.4149381273525705
62.6,293.8630704179737,100.0,0.0,294.6699988410811,0.8069284231074221
62.7,294.6699988410811,100.0,0.0,295.669999664762,1.000000823680864
62.800000000000004,295.669999664762,100.0,0.0,296.372221600773,0.7022219360110284
62.900000000000006,296.372221600773,100.0,0.0,296.9277767111111,0.5555551103381049
63.0,296.9277767111111,100.0,0.0,297.48333226666665,0.5555555555555429
63.1,297.48333226666665,100.0,0.0,298.1050000000001,0.6216677333334246
63.2,298.1050000000001,100.0,0.0,299.6050000000001,1.5
63.300000000000004,299.6050000000001,100.0,0.0,301.07526874456823,1.470268744568159
63.400000000000006,301.07526874456823,100.0,0.0,302.1505365241137,1.0752677795454701
63.5,302.1505365241137,100.0,0.0,303.2258052135378,1.0752686894240924
63.6,303.2258052135378,100.0,0.0,304.175,0.9491947864622148
63.7,304.175,100.0,0.0,304.8,0.625
63.800000000000004,304.8,100.0,0.0,305.5666666666667,0.7666666666667084
63.900000000000006,305.5666666666667,100.0,0.0,306.4,0.8333333333332575
64.0,306.4,100.0,0.0,307.28000000000003,0.8800000000000523
64.10000000000001,307.28000000000003,100.0,0.0,308.28,0.9999999999999432
64.2,308.28,100.0,0.0,309.19999990025974,0.9199999002597679
64.3,309.19999990025974,100.0,0.0,309.9142847833767,0.7142848831169317
64.4,309.9142847833767,100.0,0.0,310.62856966649355,0.7142848831168749
64.5,310.62856966649355,100.0,0.0,311.23999960615384,0.6114299396602974
64.60000000000001,311.23999960615384,100.0,0.0,311.73999878564103,0.4999991794871903
64.7,311.73999878564103,100.0,0.0,312.0,0.26000121435896517
64.8,312.0,100.0,0.0,312.0,0.0
64.9,312.0,100.0,0.0,312.5499994041379,0.5499994041379068
65.0,312.5499994041379,100.0,0.0,313.2800000000001,0.7300005958621796
65.10000000000001,313.2800000000001,100.0,0.0,314.28000000000003,0.9999999999999432
65.2,314.28000000000003,100.0,0.0,315.0,0.7199999999999704
65.3,315.0,100.0,0.0,315.0,0.0
65.4,315.0,100.0,0.0,315.0,0.0
65.5,315.0,100.0,0.0,315.55000000000007,0.5500000000000682
65.60000000000001,315.55000000000007,100.0,0.0,316.175,0.6249999999999432
65.7,316.175,100.0,0.0,316.79999999999995,0.6249999999999432
65.8,316.79999999999995,100.0,0.0,317.42499972338993,0.6249997233899762
65.9,317.42499972338993,100.0,0.0,318.0499993166102,0.6249995932202523
66.0,318.0499993166102,100.0,0.0,318.6749989098306,0.6249995932204229
66.10000000000001,318.6749989098306,100.0,0.0,319.0,0.32500109016939405
66.2,319.0,100.0,0.0,319.0,0.0
66.3,319.0,100.0,0.0,319.02857127183677,0.028571271836767664
66.4,319.02857127183677,100.0,0.0,319.3857138043149,0.35714253247812167
66.5,319.3857138043149,100.0,0.0,319.74285694134113,0.3571431370262417
66.60000000000001,319.74285694134113,100.0,0.0,320.0,0.257143058658869
66.7,320.0,100.0,0.0,320.0,0.0
66.8,320.0,100.0,0.0,320.0,0.0
66.9,320.0,100.0,0.0,320.3142851769096,0.3142851769096069
67.0,320.3142851769096,100.0,0.0,320.6714283139359,0.3571431370262985
67.10000000000001,320.6714283139359,100.0,0.0,321.0499998989474,0.3785715850115139
67.2,321.0499998989474,100.0,0.0,321.67499903999993,0.6249991410525126
67.3,321.67499903999993,100.0,0.0,322.0,0.32500096000006806
67.4,322.0,100.0,0.0,322.0,0.0
67.5,322.0,100.0,0.0,322.2399995149474,0.23999951494738525
67.60000000000001,322.2399995149474,100.0,0.0,322.73999952457143,0.5000000096240456
67.7,322.73999952457143,100.0,0.0,323.0,0.2600004754285692
67.8,323.0,100.0,0.0,323.0,0.0
67.9,323.0,100.0,0.0,323.0,0.0
68.0,323.0,100.0,0.0,323.0,0.0
68.10000000000001,323.0,100.0,0.0,323.01666665178294,0.016666651782941244
68.2,323.01666665178294,100.0,0.0,323.2249997990698,0.20833314728685082
68.3,323.2249997990698,100.0,0.0,323.4333329463566,0.20833314728679397
68.4,323.4333329463566,100.0,0.0,323.641666407044,0.2083334606874132
68.5,323.641666407044,100.0,0.0,323.84999989132075,0.20833348427674991
68.60000000000001,323.84999989132075,100.0,0.0,324.0,0.15000010867925084
68.7,324.0,100.0,0.0,324.0,0.0
68.8,324.0,100.0,0.0,324.0,0.0
68.9,324.0,100.0,0.0,323.9715302426261,-0.02846975737389812
69.0,323.9715302426261,100.0,0.0,323.6156582754524,-0.35587196717369807
69.10000000000001,323.6156582754524,100.0,0.0,323.2597864213724,-0.3558718540800214
69.2,323.2597864213724,100.0,0.0,323.0,-0.2597864213723824
69.3,323.0,100.0,0.0,323.0,0.0
69.4,323.0,100.0,0.0,323.0,0.0
69.5,323.0,100.0,0.0,323.0,0.0
69.60000000000001,323.0,100.0,0.0,323.0,0.0
69.7,323.0,100.0,0.0,323.0,0.0
69.8,323.0,100.0,0.0,323.0,0.0
69.9,323.0,100.0,0.0,323.0,0.0
70.0,323.0,100.0,0.0,323.0,0.0
70.10000000000001,323.0,100.0,0.0,322.5628147525005,-0.4371852474994853
70.2,322.5628147525005,100.0,0.0,322.0603018389893,-0.5025129135112252
70.3,322.0603018389893,100.0,0.7272727272726979,318.9199999999996,-3.1403018389896715
70.4,318.9199999999996,77.99999999999729,1.0,315.41999999999985,-3.4999999999997726
70.5,315.41999999999985,52.99999999999881,1.0,311.9199999999997,-3.5000000000001705
70.60000000000001,311.9199999999997,27.999999999997627,1.0,308.42,-3.499999999999659
70.7,308.42,3.0,1.0,296.44999999999976,-11.970000000000255
70.8,296.44999999999976,0.0,1.0,283.3249999999988,-13.125000000000966
70.9,283.3249999999988,0.0,1.0,270.2000093046152,-13.124990695383588
71.0,270.2000093046152,0.0,1.0,257.07502222769125,-13.124987076923958
71.10000000000001,257.07502222769125,0.0,1.0,244.71999999999966,-12.355022227691592
71.2,244.71999999999966,0.16000000000019327,1.0,241.2199999999999,-3.499999999999744
71.3,241.2199999999999,2.160000000000051,1.0,237.71999999999966,-3.500000000000256
71.4,237.71999999999966,4.160000000000193,1.0,234.2199999999999,-3.499999999999744
71.5,234.2199999999999,6.160000000000051,1.0,230.8250006109089,-3.3949993890910264
71.60000000000001,230.8250006109089,8.0499998254546,1.0,228.63750493465352,-2.1874956762553666
71.7,228.63750493465352,8.674998590098996,1.0,226.45000382439042,-2.1875011102630992
71.8,226.45000382439042,9.299998907317024,0.6829268292683413,224.26250040975611,-2.187503414634307
71.9,224.26250040975611,9.924999882926826,0.07317073170731914,221.1714285714287,-3.091071838327423
72.0,221.1714285714287,13.457142857142726,0.0,217.95714285714254,-3.2142857142861487
72.10000000000001,217.95714285714254,17.385714285714673,0.0,215.0444438755556,-2.912698981586942
72.2,215.0444438755556,22.222206577779225,0.0,215.59999893333332,0.555555057777724
72.3,215.59999893333332,37.49997066666636,0.0,216.1555544888889,0.5555555555555713
72.4,216.1555544888889,52.777748444444526,0.0,216.71111004444444,0.5555555555555429
72.5,216.71111004444444,68.05552622222208,0.0,217.89999932235298,1.1888892779085438
72.60000000000001,217.89999932235298,79.59999728941196,0.0,219.7749979105882,1.8749985882352291
72.7,219.7749979105882,87.09999164235285,0.0,221.6499964988234,1.8749985882352007
72.8,221.6499964988234,94.59998599529374,0.0,223.4999994514287,1.85000295260528
72.9,223.4999994514287,100.0,0.0,225.28571177795922,1.785712326530529
73.0,225.28571177795922,100.0,0.0,227.07142687346956,1.7857150955103407
73.10000000000001,227.07142687346956,100.0,0.0,228.79999720727287,1.7285703338033045
73.2,228.79999720727287,100.0,0.0,230.46666346666672,1.6666662593938497
73.3,230.46666346666672,100.0,0.0,232.13333013333352,1.6666666666667993
73.4,232.13333013333352,100.0,0.0,233.79999846400003,1.6666683306665107
73.5,233.79999846400003,100.0,0.0,235.46666666666684,1.6666682026668127
73.60000000000001,235.46666666666684,100.0,0.0,237.13333333333347,1.6666666666666288
73.7,237.13333333333347,100.0,0.0,239.05,1.9166666666665435
73.8,239.05,100.0,0.0,241.2375000000001,2.1875000000000853
73.9,241.2375000000001,100.0,0.0,243.42499999999993,2.1874999999998295
74.0,243.42499999999993,100.0,0.0,245.0,1.575000000000074
74.10000000000001,245.0,100.0,0.0,245.0,0.0
74.2,245.0,100.0,0.0,247.1249969777776,2.124996977777613
74.3,247.1249969777776,100.0,0.0,250.07500000000007,2.950003022222461
74.4,250.07500000000007,100.0,0.0,251.01249999999996,0.9374999999998863
74.5,251.01249999999996,100.0,0.0,251.95000000000005,0.9375000000000853
74.60000000000001,251.95000000000005,100.0,0.0,252.8875,0.9374999999999432
74.7,252.8875,100.0,0.0,254.42999687999992,1.5424968799999306
74.8,254.42999687999992,100.0,0.0,256.0549968800001,1.6250000000001705
74.9,256.0549968800001,100.0,0.0,257.67999688000003,1.6249999999999432
75.0,257.67999688000003,100.0,0.0,259.30499688000015,1.6250000000001137
75.10000000000001,259.30499688000015,100.0,0.0,260.9299968800001,1.6249999999999432
75.2,260.9299968800001,100.0,0.0,262.5549973002449,1.6250004202448167
75.3,262.5549973002449,100.0,0.0,264.1799985737144,1.6250012734694792
75.4,264.1799985737144,100.0,0.0,265.8049998471837,1.6250012734693087
75.5,265.8049998471837,100.0,0.0,267.32000000000005,1.5150001528163557
75.60000000000001,267.32000000000005,100.0,0.0,268.82,1.4999999999999432
75.7,268.82,100.0,0.0,270.46260090959845,1.6426009095984568
75.8,270.46260090959845,100.0,0.0,272.12465038843277,1.6620494788343194
75.9,272.12465038843277,100.0,0.0,273.7867010302989,1.6620506418661307
76.0,273.7867010302989,100.0,0.0,275.48214246322215,1.6954414329232463
76.10000000000001,275.48214246322215,100.0,0.0,277.26785528996965,1.785712826747499
76.2,277.26785528996965,100.0,0.0,279.05356811671714,1.785712826747499
76.3,279.05356811671714,100.0,0.0,280.19583317333337,1.1422650566162247
76.4,280.19583317333337,100.0,0.0,280.6124994995745,0.41666632624111344
76.5,280.6124994995745,100.0,0.0,281.1166667093334,0.5041672097589185
76.60000000000001,281.1166667093334,100.0,0.0,282.7833339855238,1.6666672761904238
76.7,282.7833339855238,100.0,0.0,284.45000054153866,1.6666665560148317
76.80000000000001,284.45000054153866,100.0,0.0,285.8410029171347,1.391002375596031
76.9,285.8410029171347,100.0,0.0,287.0962317973032,1.255228880168488
77.0,287.0962317973032,100.0,0.0,288.17500000000007,1.0787682026968923
77.10000000000001,288.17500000000007,100.0,0.0,288.8,0.6249999999999432
77.2,288.8,100.0,0.0,289.8500000000002,1.050000000000182
77.30000000000001,289.8500000000002,100.0,0.0,291.10000000000014,1.2499999999999432
77.4,291.10000000000014,100.0,0.0,292.34999999999997,1.2499999999998295
77.5,292.34999999999997,100.0,0.0,293.6000000000001,1.2500000000001137
77.60000000000001,293.6000000000001,100.0,0.0,294.34000000000003,0.7399999999999523
77.7,294.34000000000003,100.0,0.0,294.8400000000001,0.5000000000000568
77.80000000000001,294.8400000000001,100.0,0.0,295.7727271631799,0.932727163179834
77.9,295.7727271631799,100.0,0.0,296.90908988664887,1.1363627234689488
78.0,296.90908988664887,100.0,0.0,298.04545261011805,1.1363627234691762
78.10000000000001,298.04545261011805,100.0,0.0,299.18181709843265,1.136364488314598
78.2,299.18181709843265,100.0,0.0,300.25454513923756,1.0727280408049182
78.30000000000001,300.25454513923756,100.0,0.0,301.1636349222287,0.9090897829911455
78.4,301.1636349222287,100.0,0.0,302.07272552727267,0.9090906050439571
78.5,302.07272552727267,100.0,0.0,302.98181643636366,0.9090909090909918
78.60000000000001,302.98181643636366,100.0,0.0,303.8909087686713,0.9090923323076368
78.7,303.8909087686713,100.0,0.0,304.43999902896553,0.5490902602942356
78.80000000000001,304.43999902896553,100.0,0.0,304.93999981714285,0.5000007881773172
78.9,304.93999981714285,100.0,0.0,306.09999863741933,1.1599988202764848
79.0,306.09999863741933,100.0,0.0,307.2624997873418,1.162501149922491
79.10000000000001,307.2624997873418,100.0,0.0,308.1999990278481,0.9374992405062699
79.2,308.1999990278481,100.0,0.0,309.1374982683545,0.9374992405063836
79.30000000000001,309.1374982683545,100.0,0.0,310.039999980557,0.902501712202536
79.4,310.039999980557,100.0,0.0,310.539999737519,0.4999997569619836
79.5,310.539999737519,100.0,0.0,311.03999949448104,0.49999975696204046
79.60000000000001,311.03999949448104,100.0,0.0,311.539999251443,0.4999997569619836
79.7,311.539999251443,100.0,0.0,312.02857142857147,0.4885721771284466
79.80000000000001,312.02857142857147,100.0,0.0,312.3857142857143,0.3571428571428328
79.9,312.3857142857143,100.0,0.0,312.74285714285713,0.3571428571428328
80.0,312.74285714285713,100.0,0.0,313.0999999182979,0.35714277544076367
80.10000000000001,313.0999999182979,100.0,0.0,313.45714248364743,0.3571425653495339
80.2,313.45714248364743,100.0,0.0,313.814285048997,0.35714256534959077
